player,hard_elo,clay_elo,grass_elo,overall_elo,hard_matches,clay_matches,grass_matches,current_rank,days_since_last_match,recent_form_residual
Abanda F.,1484.0,1492.0,1492.0,1484.0,,,,361.0,1832.0,0.11594653595446941
Abduraimova N.,1490.7167059176854,1480.4764450651655,1490.7167059176854,1481.433411835371,,,,181.0,1132.0,-0.15352643656107245
Adkar V.,1485.9588251043674,1493.1368065952588,1493.1368065952588,1486.2736131905174,,,,697.0,305.0,
Ahn A.,1492.2125169743972,1496.8352612486838,1496.8352612486838,1493.6705224973678,,,,714.0,370.0,
Aiava D.,1483.1587811257004,1481.6342932882962,1490.3162578601728,1480.6325157203453,,,,166.0,370.0,-0.0536426797639552
Aksu A.,1501.4449889337716,1501.120288968259,1501.120288968259,1502.2405779365183,,,,216.0,39.0,
Alexandrova E.,1644.6670268657108,1598.5279472642221,1637.4693866817522,1650.2107643867846,,,,18.0,12.0,0.1372071978136083
Alves C.,1463.12950718822,1450.2278963106392,1471.12950718822,1442.2590143764403,,,,237.0,356.0,
Amariei I.D.,1490.703234886796,1481.07540725715,1490.703234886796,1481.4064697735923,,,,586.0,47.0,
Anderson R.,1476.135728655444,1476.773190260993,1484.7901443260778,1469.5802886521556,,,,178.0,1608.0,
Andreescu B.,1469.8016014244004,1532.9176834136874,1506.8784698155646,1498.709129260089,,,,174.0,27.0,-0.2991547475647344
Andreeva E.,1420.4229388784188,1411.994788867572,1456.6905847457124,1409.226300241974,,,,102.0,460.0,-0.2780409076878949
Andreeva M.,1796.5322939793646,1844.291939533116,1686.1329158031465,1847.6181363948494,,,,6.0,11.0,-0.14468515917376068
Andrianjafitrimo T.,1476.9733579312308,1454.2877974020146,1476.9733579312308,1453.9467158624616,,,,388.0,1140.0,
Anisimova A.,1838.1444314797864,1707.6218470601657,1753.7957915079724,1848.2404199350442,,,,10.0,10.0,-0.06425783520899675
Anshba A.,1503.444838583448,1503.017093457353,1503.017093457353,1506.0341869147062,,,,424.0,1047.0,
Appleton E.,1483.375783960351,1483.375783960351,1468.7520193592486,1466.7515679207022,,,,356.0,811.0,
Arango E.,1463.7528157789345,1461.0436720520743,1460.039757081362,1457.970892891289,,,,95.0,14.0,-0.12828707348914697
Arconada U.M.,1484.007984460468,1492.003992230234,1492.003992230234,1484.007984460468,,,,189.0,1787.0,
Argyrokastriti M.,1485.1893535771155,1492.2140110206346,1492.2140110206346,1484.4280220412695,,,,725.0,48.0,
Arseneault A.,1476.3112386719104,1489.0070187801648,1489.0070187801648,1478.0140375603298,,,,407.0,28.0,
Avanesyan E.,1530.7438906065395,1545.5582261578788,1511.6286804243086,1529.0704947592296,,,,208.0,36.0,-0.09727127458170304
Avdeeva J.,1498.0465961163789,1493.5293014531544,1498.0465961163789,1496.0931922327577,,,,208.0,825.0,
Azarenka V.,1666.0004304883917,1607.7818189926402,1582.3607372283302,1649.553562654158,,,,132.0,366.0,-0.07946500085677966
Babos T.,1456.6182249997778,1444.8438888457467,1467.4184755150222,1434.8369510300445,,,,259.0,775.0,-0.17870116399044964
Back D.,1463.394503503726,1482.3261346370073,1482.3261346370073,1464.6522692740145,,,,306.0,347.0,
Badosa P.,1680.1751385407474,1649.8375421196401,1617.9118248846942,1668.5432747169705,,,,93.0,37.0,0.09234066998064161
Bai Z.,1450.4173286064547,1442.9735477888817,1453.5629649310104,1429.7215822887608,,,,702.0,221.0,-0.1298279636193127
Baindl K.,1411.6032718130004,1464.9249516563002,1422.8020801076595,1406.5894858686452,,,,329.0,733.0,-0.29789382263608855
Bandecchi S.,1491.9506292138492,1488.1810240957775,1483.9506292138492,1483.9012584276984,,,,215.0,94.0,
Baptiste H.,1671.3555733207113,1666.2820716317797,1617.495596576414,1721.1192557280194,,,,26.0,98.0,0.21678280989409981
Bara I.,1434.154475588253,1449.2122162855826,1463.7783557704659,1428.2283725700095,,,,242.0,516.0,-0.07430218027412744
Barros V.L.,1481.8736257526934,1491.0278676856547,1491.0278676856547,1482.0557353713093,,,,566.0,356.0,
Barry M.,1470.0891459252107,1486.1100052799088,1486.1100052799088,1472.2200105598179,,,,726.0,236.0,
Barthel M.,1448.3417564254082,1445.569567370164,1465.19794394579,1430.3958878915803,,,,223.0,40.0,-0.23783936398467734
Bartunkova N.,1593.7442878726947,1563.8435368662265,1579.4679242245866,1623.5039960627532,,,,39.0,15.0,0.13691252671838833
Barty A.,1680.188754374326,1590.2646034398188,1590.2646034398188,1680.5292068796375,,,,1.0,1674.0,0.13992020456136134
Basiletti N.,1507.362754881138,1511.68677973288,1507.362754881138,1514.725509762276,,,,427.0,114.0,
Bassols M.,1376.1937359984,1411.3055388875994,1434.6100249988015,1369.220049997603,,,,130.0,33.0,-0.07793883247906458
Bechri C.,1485.0724124847684,1492.9568313338382,1492.9568313338382,1485.9136626676764,,,,1206.0,720.0,
Begu I.,1486.0794700507936,1571.2447199798817,1508.9851543142252,1538.4211121300805,,,,173.0,61.0,0.0524371675405072
Bejlek S.,1679.9799277716925,1594.3017597659748,1577.4905643431891,1682.0162584800141,,,,35.0,7.0,0.34696192475185783
Bektas E.,1412.0270364295723,1454.3632032219375,1456.775019755461,1415.799312832386,,,,301.0,387.0,-0.10874237519737079
Bencic B.,1819.6874010610018,1749.7300616396687,1737.9715977342148,1838.3053934957843,,,,14.0,20.0,0.1302506226954523
Benoit M.,1490.8309969571212,1483.24280420965,1490.8309969571212,1481.6619939142424,,,,250.0,769.0,
Berberovic N.,1499.355012682396,1498.1174348743257,1499.355012682396,1498.7100253647918,,,,306.0,1565.0,
Bertea E.R.,1483.5657644231287,1492.1349878645854,1492.1349878645854,1484.2699757291707,,,,295.0,209.0,
Betova M.,1475.258489185444,1483.65893256238,1475.7811710842984,1467.3178651247601,,,,1022.0,1098.0,
Bhamidipaty S.R.,1498.9740522023253,1499.1912929660198,1499.1912929660198,1498.3825859320395,,,,434.0,304.0,
Birrell K.,1503.0340140568273,1474.3997884532857,1481.273325282906,1498.9368779455383,,,,69.0,17.0,-0.25860119144372024
Bjorklund M.,1470.066494242445,1483.9583909752223,1478.2832059586756,1469.6534330520533,,,,155.0,1098.0,0.057818324005728894
Blinkova A.,1471.8694249126845,1427.402659425384,1473.0036126580385,1456.3393389102803,,,,111.0,14.0,-0.1561637000067449
Bogdan A.,1458.4950027402494,1499.4359676980387,1480.8000142385772,1468.5302617103769,,,,538.0,209.0,-0.21153605228354794
Boisson L.,1533.3417573940014,1571.3515613735462,1520.616578425384,1565.8000133093904,,,,281.0,13.0,-0.2048485962521247
Bolkvadze M.,1479.173722305863,1478.2850107804034,1482.739126445954,1472.5700215608065,,,,545.0,59.0,
Bolsova A.,1449.7848558062683,1450.348878346477,1465.9437876250058,1431.8875752500119,,,,131.0,1048.0,-0.17991074776121035
Bolsova Zadoinov A.,1503.6763321721953,1503.7674110816056,1503.6763321721953,1507.3526643443906,,,,340.0,466.0,
Bonaventure Y.,1462.964723245246,1434.6801497623665,1447.1759950645874,1425.6156833356524,,,,91.0,1152.0,-0.2790550645873216
Bondar A.,1470.7065667526813,1583.428777017089,1485.4220897284572,1549.6963283130567,,,,76.0,16.0,0.057040429330875386
Bondarenko K.,1483.6146924338666,1491.6146924338666,1491.6146924338666,1483.2293848677332,,,,325.0,740.0,-0.1256642169823744
Boskovic L.,1516.599295444251,1533.0889541495817,1516.599295444251,1533.1985908885022,,,,225.0,513.0,
Bouchard E.,1492.1283378601743,1496.2795881468655,1496.407690807886,1492.815381615772,,,,248.0,1077.0,-0.11330539907444048
Boulter K.,1569.758128530545,1531.1617097000822,1591.1785462670966,1583.7907393656965,,,,71.0,15.0,-0.1074355757188088
Bouzas Maneiro J.,1517.3286704630207,1539.9528251309346,1552.8282163720628,1556.4177890930507,,,,90.0,14.0,0.08432703326133395
Bouzkova M.,1657.6517604753406,1661.721680948692,1660.3582545289112,1703.8339450693409,,,,27.0,11.0,-0.022848202116844685
Brace C.,1462.2934844488,1481.7738469560513,1481.7738469560513,1463.5476939121027,,,,254.0,27.0,
Brady J.,1498.8508014692366,1487.5649673016942,1497.123769997581,1494.2475399951618,,,,689.0,153.0,-0.2646642156129304
Brancaccio N.,1457.8250186175385,1411.4151992684144,1457.8250186175385,1415.650037235077,,,,171.0,116.0,-0.23561087872360795
Branstine C.,1494.760404731526,1499.7343330086587,1495.0785471868821,1499.4686660173174,,,,191.0,397.0,
Brantmeier R.,1482.8111008459773,1491.3912732665635,1491.3912732665635,1482.7825465331273,,,,486.0,34.0,
Brengle M.,1423.2233421447895,1455.1686621831122,1430.1344342998236,1416.409630161331,,,,103.0,1097.0,-0.11996095773601623
Brockmann T.J.,1490.805399288417,1481.3110411168839,1490.805399288417,1481.610798576834,,,,267.0,39.0,
Bronzetti L.,1452.6546412760022,1434.1466568161413,1438.987854240452,1438.8225342938617,,,,172.0,98.0,-0.40095821877757504
Bucsa C.,1515.254925738061,1447.1835722419125,1487.7603521332958,1502.732151348281,,,,38.0,15.0,-0.33524888245802525
Bulgaru M.,1455.0115104793908,1434.5447393210545,1462.8628435410933,1425.7256870821866,,,,248.0,47.0,-0.22508094171335358
Burel C.,1515.787908286901,1505.4276770091562,1473.6077377476618,1504.343335803692,,,,630.0,44.0,-0.13646223689395487
Burillo Escorihuela I.,1474.8716607333167,1451.9537239419226,1474.8716607333167,1449.7433214666332,,,,211.0,152.0,
Burillo I.,1487.4332112619106,1473.5399518185684,1487.4332112619106,1474.8664225238213,,,,237.0,1139.0,
Burrage J.,1466.4935727173495,1479.669456576234,1487.6891637470621,1469.4953409288787,,,,154.0,425.0,-0.15458835940136212
Buyukakcay C.,1499.6991778670485,1500.1225525259053,1499.6991778670485,1499.3983557340969,,,,769.0,1194.0,-0.15022721204971015
Buzarnescu M.,1470.823230163177,1463.344641255674,1480.9402783368714,1460.5420392882575,,,,1350.0,411.0,-0.047279346584202964
Cabrera L.,1452.1162960702984,1475.9009887714742,1475.9009887714742,1451.8019775429482,,,,229.0,1441.0,-0.21500752055438307
Cadantu A.,1489.0114173690465,1480.9086796201468,1489.0114173690465,1478.022834738093,,,,154.0,1497.0,-0.1076869825753029
Candiotto A.,1496.5305115067254,1497.776957308401,1497.776957308401,1495.5539146168023,,,,593.0,353.0,
Caregaro M.,1484.0,1492.0,1492.0,1484.0,,,,367.0,1770.0,
Carle M.,1433.57570398103,1443.7461517656002,1456.5357131839367,1431.586724695705,,,,231.0,39.0,0.10374060808622709
Cengiz B.,1473.4744587593455,1448.3588294330489,1473.9080836959288,1447.8161673918576,,,,429.0,103.0,
Chang H.,1497.097323375955,1496.9054986010165,1497.097323375955,1494.1946467519103,,,,194.0,514.0,
Chang S.,1484.7117694054887,1471.743984244281,1484.7117694054887,1469.423538810977,,,,1237.0,1196.0,
Charaeva A.,1475.0788581117963,1485.8949360079987,1488.290898095041,1476.5817961900818,,,,113.0,16.0,
Cherubini D.,1492.0,1484.0,1492.0,1484.0,,,,421.0,1209.0,
Chirico L.,1405.005732114531,1407.7760069160204,1433.3296379066633,1383.3632983474479,,,,154.0,399.0,-0.12676677790294283
Chong E.,1466.5840091985297,1483.3280182501262,1483.3280182501262,1466.6560365002526,,,,632.0,304.0,
Chwalinska M.,1543.011753614095,1594.484356000879,1536.2180105927514,1589.2074494850415,,,,23.0,13.0,0.2313458215557891
Ciric Bagaric L.,1493.1886447663521,1487.6562821026241,1493.1886447663521,1486.3772895327043,,,,184.0,824.0,
Cirstea S.,1745.6254468253578,1705.1633390142576,1629.9727845443044,1767.221189702112,,,,19.0,11.0,-0.19802247708277032
Clijsters K.,1484.2274872178448,1491.9225396576646,1491.9225396576646,1483.8450793153293,,,,1476.0,1788.0,-0.2556885984761371
Cocciaretto E.,1585.7878660875278,1560.1474111272591,1556.1875319394148,1590.437964732307,,,,71.0,30.0,-0.07688711240886253
Collins D.,1639.8890223811388,1663.4250498886431,1594.4502286588345,1662.8144193295996,,,,61.0,369.0,-0.3407821333428526
Contreras Gomez F.,1419.7380341537264,1458.9501851275027,1450.470569783798,1416.883565324493,,,,366.0,915.0,-0.1707867190708948
Cornet A.,1428.2895997303167,1430.3386210640838,1489.206692838014,1430.5579563313154,,,,747.0,468.0,-0.24670430897125215
Costoulas S.,1480.9243717324946,1478.6800442814101,1486.6800442814101,1473.36008856282,,,,155.0,41.0,
Crawley F.,1484.7262724942423,1493.2786612338043,1493.2786612338043,1486.5573224676086,,,,729.0,1097.0,
Cristian J.,1618.6687980556064,1600.882050112125,1529.4743422305366,1629.139349397231,,,,37.0,62.0,-0.023204212744108832
Cross K.,1471.950988204908,1487.9415822592323,1487.9415822592323,1475.8831645184648,,,,172.0,25.0,
Curmi F.,1491.015903910074,1481.769360538067,1491.015903910074,1482.0318078201483,,,,326.0,1139.0,
Danilina A.,1451.7302813768606,1465.0393010482362,1473.350168665107,1446.7003373302143,,,,958.0,740.0,
Danilovic O.,1561.0462097914494,1613.9852628885578,1529.872879342496,1596.7833068574166,,,,88.0,207.0,0.011639580414725237
Dart H.,1411.1455864962008,1403.970369601975,1437.3032516508651,1400.714461243661,,,,143.0,16.0,-0.13895923721012482
Davis L.,1458.9030460556983,1458.240922330397,1433.585101286975,1438.6457042200536,,,,211.0,515.0,-0.161957672162636
Day K.,1404.2532876343696,1413.1570116354965,1430.3288753099123,1383.9459793394537,,,,121.0,15.0,0.0036996074299849857
Di Giuseppe M.,1486.1750735136097,1493.0872065203728,1493.0872065203728,1486.1744130407455,,,,288.0,1769.0,
Di Lorenzo F.,1476.9857694190468,1475.5507791100736,1483.9189325068346,1467.8378650136694,,,,252.0,1468.0,-0.17187457274685697
Di Sarra F.,1490.586746661336,1481.4139702322789,1490.586746661336,1481.1734933226721,,,,530.0,843.0,
Diatchenko V.,1472.9465709813753,1482.6066796555033,1474.6066796555033,1465.2133593110063,,,,429.0,356.0,0.011638400108942293
Diyas Z.,1442.1663820844797,1471.267532119693,1471.267532119693,1442.535064239386,,,,290.0,223.0,-0.13109743407144087
Dodin O.,1450.421556810963,1455.5746856359806,1449.566477224511,1443.7833580868926,,,,362.0,39.0,-0.0605545141177275
Doi M.,1414.2764913279548,1423.8500046768613,1431.2694136179334,1391.0767205291666,,,,331.0,1067.0,-0.1136741037675863
Dolehide C.,1476.1765237852974,1492.6208151449782,1471.2039738655203,1480.795916763674,,,,246.0,17.0,-0.29160431904192985
Dudeney A.,1478.4472340376142,1478.4472340376142,1455.5137398447632,1456.8944680752286,,,,245.0,62.0,
Duerst J.,1491.6371984194757,1484.6503025848199,1491.6371984194757,1483.2743968389514,,,,442.0,1132.0,
Eala A.,1716.6244622786658,1610.1806723704383,1663.3987661496315,1753.3962468798572,,,,20.0,12.0,0.24723686885148444
Efremova K.,1497.6870112879624,1492.0411155732713,1497.6870112879624,1495.3740225759245,,,,623.0,98.0,
Eikeri U.,1457.2419327987914,1457.17978550125,1472.811632104489,1445.6232642089783,,,,654.0,1045.0,
El Allami M.,1483.8957914586754,1468.4926250163026,1483.8957914586754,1467.791582917351,,,,1143.0,831.0,
El Aouni A.,1476.701708339038,1455.5227529550075,1476.701708339038,1453.4034166780762,,,,835.0,467.0,
El Jardi D.,1490.6108189823901,1482.1940469064723,1490.6108189823901,1481.2216379647803,,,,1023.0,103.0,
Erjavec V.,1427.66361417722,1437.2679002432246,1446.0257526225882,1411.090455574364,,,,100.0,40.0,-0.26369716729151826
Errani S.,1448.0451126369733,1449.5983200795235,1457.9747296607075,1453.3661456235668,,,,177.0,480.0,-0.02551767391763976
Ewald W.,1491.4056331394972,1482.7810538680687,1491.4056331394972,1482.8112662789947,,,,1076.0,1132.0,
Falei A.,1467.987095030775,1484.525250862591,1484.525250862591,1469.0505017251821,,,,340.0,307.0,
Falkner Z.,1484.0,1492.0,1492.0,1484.0,,,,542.0,1811.0,
Falkowska W.,1494.6092741890484,1488.5841835663941,1494.6092741890484,1489.2185483780966,,,,346.0,1495.0,
Fernandez L.,1481.953619413996,1491.1390933297782,1491.1390933297782,1482.2781866595565,,,,74.0,1078.0,
Fernandez L.A.,1601.2409384796888,1561.6574115782164,1551.1939717579803,1597.8988605732525,,,,31.0,14.0,-0.08405114059927166
Ferrando C.,1475.6437377024781,1475.5976153359918,1483.6437377024781,1467.287475404956,,,,261.0,1566.0,
Ferro F.,1387.9104473754837,1380.0242340052532,1433.7892960995737,1367.5785921991474,,,,181.0,98.0,-0.022052618268289137
Fett J.,1425.7235004016316,1473.8331469312143,1456.7382444034092,1444.0377148407715,,,,151.0,412.0,-0.032398722874139085
Fita Boluda A.,1486.5046963472098,1472.6587512495162,1486.5046963472098,1473.0093926944196,,,,192.0,103.0,
Flipkens K.,1465.4083695924621,1495.982285102563,1510.0845171966446,1491.9645702051262,,,,190.0,1522.0,0.11927354060743273
Fossa Huergo N.,1466.4284032125283,1458.7994697776296,1474.5434531972376,1449.0869063944751,,,,269.0,356.0,
Fourlis J.,1410.3540422625208,1430.5693625675817,1432.4860037300973,1390.091596524809,,,,218.0,1166.0,-0.2947092694297063
Frech M.,1570.7121718770718,1498.2978366399268,1491.1761830801795,1552.9206412954745,,,,41.0,13.0,0.12426786878190543
Friedsam A.L.,1437.907568711421,1448.9065311233962,1445.4695930959638,1423.698697514483,,,,528.0,607.0,-0.3106586545329504
Fruhvirtova B.,1472.1922865143988,1468.4191580888028,1489.0180563263534,1475.8222707464595,,,,1311.0,209.0,0.10850038846941906
Fruhvirtova L.,1431.6662705798349,1396.1413516533362,1460.8788452068743,1415.2882426647122,,,,176.0,34.0,-0.21621560812476687
Fullana L.,1482.780937959074,1491.2354284580183,1491.2354284580183,1482.4708569160366,,,,578.0,355.0,
Fung S.,1487.4812510409286,1493.6600435049832,1493.6600435049832,1487.3200870099663,,,,226.0,1077.0,
Gabueva A.,1481.90218227085,1465.571547375353,1481.90218227085,1463.8043645417,,,,119.0,1196.0,
Gadecki O.,1463.2198776878654,1444.6906012977133,1439.841428482662,1438.2968736996372,,,,204.0,235.0,-0.10375229296610855
Galfi D.,1415.6922710734025,1445.219666992306,1499.8048692135567,1443.346806541307,,,,137.0,47.0,-0.08657308140057363
Gao X.,1444.0451249251719,1472.6251330849705,1472.6251330849705,1445.2502661699411,,,,244.0,40.0,
Garcia C.,1525.7228950954607,1552.2205644482285,1571.8495285809054,1530.186341495471,,,,174.0,370.0,-0.10338459758642637
Garland J.,1508.2442356470594,1502.6184312483533,1495.516020320382,1504.6158984126641,,,,132.0,302.0,
Gasanova A.,1490.3148550924302,1471.7234340414325,1474.2111096742522,1474.576913959321,,,,225.0,60.0,-0.040156386155956014
Gatto-Monticone G.,1502.8742146022844,1501.437107301142,1501.437107301142,1502.8742146022844,,,,193.0,1768.0,-0.16054743317957026
Gauff C.,1944.7067004626676,1889.9551686966397,1776.2112983925474,1962.411252624612,,,,4.0,6.0,0.15490309789739753
Geerlings Martinez A.,1491.0544765572222,1483.330011502073,1491.0544765572222,1482.1089531144446,,,,331.0,411.0,
Gervais J.,1493.148375239135,1484.836207906333,1493.148375239135,1486.2967504782698,,,,725.0,1567.0,
Ghioroaie I.G,1481.6639142142933,1490.4588808876565,1490.4588808876565,1480.917761775313,,,,371.0,1048.0,
Gibson T.,1567.7743459915798,1508.5415772020178,1517.9439836521196,1559.3757960083453,,,,65.0,14.0,0.05712421890287911
Giorgi C.,1563.054909228129,1558.8548780900742,1543.1616070232503,1575.398083041185,,,,107.0,890.0,-0.06123270800923675
Gjorcheska L.,1498.0428617049229,1498.0428617049229,1493.444827881689,1496.0857234098455,,,,222.0,61.0,
Glozman V.,1485.4299504633786,1492.995199042426,1492.995199042426,1485.9903980848524,,,,902.0,369.0,
Glushko L.,1467.3224968347058,1472.5639757117865,1480.9036106911822,1461.8072213823643,,,,389.0,355.0,
Golubic V.,1540.2339123467466,1538.1022652230772,1533.824532206287,1580.252086021067,,,,52.0,14.0,-0.0023211087532084562
Gorgodze E.,1444.9408283037687,1447.3900852590582,1455.479058587886,1426.958117175772,,,,164.0,151.0,-0.13754164491822057
Govortsova O.,1484.0645532731767,1492.0322766365884,1492.0322766365884,1484.0645532731767,,,,136.0,1798.0,-0.1523761588582186
Grabher J.,1403.3607725080303,1464.0007575355212,1445.3629303785312,1424.1280311734047,,,,121.0,97.0,0.012251754796435643
Gracheva V.,1517.9179703475083,1508.0142282072825,1519.1869695480004,1538.7950609209495,,,,60.0,166.0,0.01292766890292657
Grammatikopoulou V.,1459.141147424039,1443.2693766943596,1467.5092303739846,1435.0184607479691,,,,500.0,48.0,-0.20563285563655823
Grant T.C.,1486.200929405461,1488.409701674191,1501.5017373446137,1493.8864854039232,,,,172.0,59.0,
Guo H.,1461.2503729058437,1472.134884908749,1481.175632254886,1462.3512645097721,,,,166.0,97.0,-0.09221330511362974
Haddad Maia B.,1449.9681408148717,1475.360851259051,1497.6317349600504,1437.1633380959001,,,,134.0,61.0,-0.5120800958519486
Halep S.,1705.9249986877744,1628.6087715939968,1676.4941095893942,1730.9121175115827,,,,868.0,572.0,-0.10337849870286431
Han N.L.,1471.3653831734887,1487.9213914931315,1487.9213914931315,1475.842782986263,,,,236.0,1056.0,-0.05204300033689302
Hanatani N.,1484.736306793522,1492.368153396761,1492.368153396761,1484.736306793522,,,,402.0,1831.0,
Harrison Ca.,1479.3391853585595,1478.2811372186156,1486.5378236873653,1472.5622744372315,,,,243.0,1461.0,
Hartono A.,1398.5735461887552,1426.5600206886043,1435.891508442857,1386.2609997583052,,,,260.0,305.0,-0.09610958255201268
Hatouka Y.,1475.7065493365608,1482.6597005388026,1475.3214794292394,1467.4130986731216,,,,240.0,1130.0,
Havlickova L.,1491.3859174631202,1497.3758676414677,1497.3758676414677,1494.7517352829357,,,,226.0,38.0,
Hennemann C.W.,1493.0452360103443,1484.5082542437344,1493.0452360103443,1486.0904720206886,,,,292.0,103.0,
Herazo M.,1492.35179610673,1484.35179610673,1492.35179610673,1484.7035922134598,,,,454.0,1609.0,
Hercog P.,1442.835907683841,1471.4182345950505,1471.4182345950505,1442.836469190101,,,,124.0,1769.0,-0.027013286368733957
Herrero Linana A.,1491.9368801471064,1484.2282879288052,1491.9368801471064,1483.873760294213,,,,358.0,411.0,
Hesse A.,1492.1107119154556,1483.3403759204302,1492.1107119154556,1484.2214238309111,,,,821.0,1197.0,-0.18765909779143478
Hewitt D.,1480.2843487708478,1490.097674523651,1490.097674523651,1480.195349047302,,,,437.0,1469.0,
Hibino N.,1385.4720849012044,1371.8370882459258,1398.2611188877972,1353.4557858140638,,,,235.0,47.0,-0.09014648635310629
Higuita Barraza M.,1493.4255885582388,1487.4571543401617,1493.4255885582388,1486.8511771164776,,,,1080.0,516.0,
Hives Z.,1495.3831929507278,1495.3831929507278,1487.9808572618174,1490.7663859014558,,,,571.0,1524.0,
Hobgarski K.,1490.3410589533055,1481.9729055565444,1490.3410589533055,1480.6821179066112,,,,292.0,1567.0,
Hodzic M.,1479.914668299425,1489.683735050407,1489.683735050407,1479.3674701008138,,,,334.0,48.0,
Hon P.,1457.2679197736115,1480.0565663158498,1467.7181395027128,1460.1131326316995,,,,158.0,40.0,0.252081026431504
Hontama M.,1411.7741329971145,1457.4877399772367,1449.844434065672,1414.9754799544733,,,,203.0,38.0,-0.15702705239021958
Hosogi S.,1480.910336473734,1490.130979343059,1490.130979343059,1480.2619586861179,,,,256.0,1069.0,
Hovde L.,1489.627352417051,1495.611913827412,1495.611913827412,1491.223827654824,,,,286.0,905.0,
Hozumi E.,1485.5379423555783,1494.4603080364855,1494.4603080364855,1488.9206160729711,,,,591.0,1469.0,-0.1992689750398856
Hruncakova V.,1469.1505335476936,1478.4171924072684,1495.013971793533,1473.96029639677,,,,113.0,1048.0,-0.1178093148270053
Hsieh S.W.,1461.9240915286875,1469.0877636764533,1477.0877636764533,1454.1755273529066,,,,23.0,1196.0,-0.15194591554252307
Hui K.,1487.9047148201971,1494.231177168674,1494.231177168674,1488.462354337348,,,,872.0,914.0,
Hunter S.,1494.849966476212,1489.5362710441257,1488.9101691513506,1494.5228054752258,,,,180.0,33.0,0.016089405046769978
Iatcenko P.,1498.7441213319846,1499.6780647050962,1499.6780647050962,1499.3561294101924,,,,181.0,303.0,
Ibragimova A.,1503.3557057005032,1505.14544963059,1503.3557057005032,1506.7114114010064,,,,275.0,45.0,
Ignatik A.,1483.265437483519,1491.6327187417596,1491.6327187417596,1483.265437483519,,,,209.0,1770.0,
Iliev S.,1492.4890197054206,1483.2866105594426,1492.4890197054206,1484.9780394108413,,,,931.0,1196.0,
In-Albon Y.,1444.4274602502273,1417.6402512417103,1444.6848568529033,1404.8549205004547,,,,149.0,1188.0,
Inglis M.,1455.4703337111694,1473.7823211137975,1449.2982796832516,1447.5646422275947,,,,151.0,82.0,-0.0265910003758566
Inoue H.,1475.202460496822,1487.2939498121527,1487.2939498121527,1474.5878996243055,,,,215.0,370.0,
Ishii S.,1508.7506945905657,1505.3142598875577,1505.3142598875577,1510.6285197751154,,,,188.0,529.0,
Ito A.,1479.2696044500335,1487.6007512823808,1472.8036700058528,1475.2015025647618,,,,235.0,28.0,0.04582077576075855
Jabeur O.,1645.7745869976648,1638.5230013844298,1648.8799139156822,1654.9554410550616,,,,59.0,433.0,-0.2847436735568794
Jacquemot E.,1450.6426217376238,1447.3183555513388,1462.9317158453662,1451.2112659033264,,,,104.0,38.0,-0.06453989136935961
Jakupovic D.,1485.7549160716342,1492.780328062177,1492.6146987890918,1485.2293975781836,,,,267.0,1130.0,-0.012920558925045955
Jamrichova R.,1459.2761807442107,1466.7456113267824,1476.059721387343,1452.1194427746857,,,,310.0,551.0,
Jang S.,1430.7076097581441,1466.2088600920113,1466.2088600920113,1432.4177201840225,,,,244.0,670.0,
Jani R-L.,1489.6039652746977,1479.745752097653,1489.6039652746977,1479.207930549395,,,,195.0,1434.0,
Jani R.L.,1457.4486564168192,1414.6214586338492,1457.4486564168192,1414.8973128336386,,,,169.0,1132.0,-0.17505901623498893
Janicijevic S.,1472.7330935180757,1473.1770651720299,1481.4330682868592,1462.8661365737184,,,,245.0,153.0,-0.0691994830742989
Jeanjean L.,1351.4694440273286,1425.8363561963677,1414.5549211027878,1371.4538188094293,,,,117.0,27.0,0.048930215525872456
Jeong B.,1489.1993998019366,1494.4126533042484,1494.4126533042484,1488.8253066084967,,,,688.0,1440.0,
Jiang X.,1488.3683719113615,1495.0672629455412,1495.0672629455412,1490.1345258910821,,,,511.0,1049.0,
Jimenez Kasintseva V.,1453.6560559807244,1444.6171320384774,1458.8239658515188,1435.7020462497528,,,,120.0,27.0,-0.07359933917182837
Jimenez V.,1482.1013358830457,1476.4674652106005,1485.1846533023804,1470.3693066047606,,,,175.0,1222.0,
Joint M.,1529.6352403296187,1509.1936641777354,1527.109817023099,1524.7551307800225,,,,67.0,16.0,0.05204292507061342
Jones E.,1483.4311826620087,1492.6210266125336,1494.2036246567304,1488.4072493134609,,,,139.0,27.0,-0.05245817407872955
Jones F.,1466.9109153711915,1459.6789235131369,1435.3654231067649,1437.4017457972154,,,,106.0,62.0,-0.2211377181308406
Jorovic I.,1468.0,1484.0,1484.0,1468.0,,,,417.0,1770.0,-0.20375805540464187
Jovic I.,1685.2747998864884,1648.1884555904855,1648.724333353122,1730.367431779669,,,,16.0,11.0,-0.005698366495133
Juvan K.,1497.4242047184075,1530.2317808866123,1501.3541025504837,1513.187187757649,,,,93.0,185.0,-0.08973252957722727
Kabbaj Y.,1492.086514495444,1486.6611478214004,1492.086514495444,1484.1730289908878,,,,334.0,101.0,
Kalieva E.,1466.4212188492845,1444.8745247874715,1477.3360928578136,1454.672185715627,,,,120.0,16.0,0.09723796385427813
Kalinina A.,1488.9320823614078,1559.1680222327318,1493.1083820718695,1529.0718300378308,,,,51.0,15.0,-0.1243685399957134
Kalinskaya A.,1729.2826393931,1685.1025769109867,1654.4094952235896,1748.2153225716654,,,,21.0,15.0,-0.020384483849856472
Kanepi K.,1481.6434909042766,1465.6737233253634,1461.7364869944931,1460.563278504507,,,,133.0,1095.0,-0.016294276457559376
Karatancheva L.,1490.4775996342355,1482.112469398111,1490.4775996342355,1480.955199268471,,,,288.0,152.0,
Kartal S.,1637.2129640353292,1572.3470365950784,1578.0052839805962,1648.3417105351807,,,,54.0,173.0,0.10166902027444213
Kasatkina D.,1546.5536952913594,1572.216809834983,1549.8008816366032,1553.1890690073512,,,,68.0,17.0,-0.09833470097842917
Kawa K.,1477.056993653701,1505.5873456921245,1487.326099684134,1487.090759134044,,,,131.0,39.0,-0.0949760671533797
Kenin S.,1495.364803092792,1537.8908792201591,1485.9817086931,1514.5645898996747,,,,115.0,14.0,-0.013190838727163312
Kerber A.,1531.272537232205,1540.1699793321814,1506.9837789000562,1535.6141985514507,,,,221.0,789.0,-0.2608241724521237
Kessler M.,1581.3317768580657,1523.5411241557365,1565.2739767101316,1584.2375728845882,,,,58.0,16.0,-0.09702487064776066
Keys M.,1756.465616622835,1745.5305354681827,1738.212295249275,1788.5057142999067,,,,24.0,9.0,-0.09447555108773575
Khromacheva I.,1491.6203501527248,1483.2521967559637,1491.6203501527248,1483.2407003054493,,,,290.0,1195.0,-0.40241696490877077
Kiick A.,1492.0918679006022,1484.0918679006022,1492.0918679006022,1484.1837358012042,,,,270.0,1609.0,-0.04268087617123273
Klimovicova L.,1475.6263799748447,1488.6407271440976,1488.6407271440976,1477.2814542881954,,,,131.0,210.0,
Klugman H.,1481.366436177864,1481.366436177864,1458.5791412460217,1462.732872355728,,,,416.0,62.0,
Knutson G.,1465.0852921124679,1474.2209093882675,1479.8193142110101,1459.6386284220202,,,,223.0,138.0,
Kobori M.,1486.1295379225198,1493.5045358993043,1493.5045358993043,1487.0090717986088,,,,470.0,307.0,
Koevermans A.,1494.175039735297,1494.175039735297,1486.7673340647502,1488.3500794705942,,,,190.0,445.0,
Konjuh A.,1414.8641183746618,1396.5100271879937,1440.6618442515457,1381.3236885030915,,,,508.0,467.0,-0.5406579979214186
Kontaveit A.,1601.6084070928061,1554.8760972713371,1535.587475646199,1572.0058103221027,,,,81.0,1151.0,-0.2351103638085914
Korneeva A.,1562.090172439641,1526.7132039049093,1522.619610325367,1563.0058136416153,,,,89.0,21.0,0.32096340586126565
Korpatsch T.,1521.7704024973477,1528.8078412854234,1462.3361178592731,1536.5190647544564,,,,47.0,14.0,0.1378978075262972
Kostovic T.,1478.932845050374,1479.0525810070558,1482.51512471954,1473.5971534189393,,,,184.0,62.0,
Kostyuk M.,1835.2767180328615,1834.1512127793385,1721.5679595326346,1902.8329579500278,,,,11.0,8.0,-0.027761595291600383
Kotliar Y.,1492.377177308756,1485.6613276583807,1492.377177308756,1484.7543546175123,,,,528.0,102.0,
Kovackova A.,1483.5650672529841,1491.7934389539912,1491.7934389539912,1483.5868779079824,,,,773.0,404.0,
Kovackova J.,1483.097375509335,1491.7011004337378,1491.7011004337378,1483.4022008674754,,,,553.0,40.0,
Kovinic D.,1450.4563164389265,1507.4679091584303,1478.705691299083,1474.1815224128086,,,,1289.0,591.0,-0.09437868382059977
Kozlova K.,1470.0381169610232,1485.0081293704832,1485.0081293704832,1470.0162587409664,,,,145.0,1756.0,0.01965885816487356
Kraus S.,1378.7773286006864,1408.292732742672,1418.7977040992828,1366.6917719914104,,,,85.0,15.0,-0.16198589303872665
Krejcikova B.,1721.9124421767474,1585.4842932163513,1702.4622785788872,1737.6635939342948,,,,26.0,14.0,-0.07799817276766752
Krueger A.,1574.955043430253,1529.8286767833374,1554.1367472633021,1588.6051802824722,,,,56.0,17.0,0.012238879342112874
Krunic A.,1424.2404927018283,1434.677010379436,1454.0171965686286,1414.6664132606315,,,,363.0,411.0,-0.20596478639890525
Ku Y.,1468.2686636424219,1485.9907973308955,1485.9907973308955,1471.9815946617912,,,,305.0,349.0,
Kubka M.,1492.0090797350267,1484.103551774715,1492.0090797350267,1484.0181594700532,,,,472.0,1495.0,
Kucova K.,1396.2867597779837,1408.091726924812,1438.128664450226,1377.6015952888008,,,,507.0,1048.0,-0.23425736593964963
Kudermetova P.,1476.4513295116453,1447.5736241061447,1449.765373942169,1458.9460461562965,,,,108.0,30.0,-0.016357356314986082
Kudermetova V.,1608.4361860488902,1592.764372991899,1593.5899925933115,1636.8196691677683,,,,31.0,318.0,-0.20373043690691328
Kulambayeva Z.,1482.5349333798483,1491.2674666899243,1491.2674666899243,1482.5349333798483,,,,524.0,1798.0,
Kung L.,1492.0434648777477,1482.996445637581,1492.0434648777477,1484.0869297554957,,,,206.0,515.0,-0.21558772225199258
Kuzmova V.,1455.7738577598277,1480.2767713784758,1480.2767713784758,1460.5535427569516,,,,134.0,1332.0,-0.05683933521952539
Kvitova P.,1588.6290080959739,1507.164623570569,1591.5010740253633,1569.4974461638935,,,,543.0,370.0,-0.46627618011520205
Lamens S.,1487.0450207336553,1489.8154268727733,1479.3978384050274,1489.748677308831,,,,134.0,75.0,-0.31426484558718837
Lansere S.,1494.7906652308561,1487.698229917281,1493.7255256660885,1487.451051332177,,,,271.0,1053.0,
Lapko V.,1499.9763262727095,1499.9729454220692,1499.9729454220692,1499.9458908441381,,,,408.0,1796.0,-0.1871813334872967
Laskutova K.,1479.4878039494233,1489.3278223687646,1489.3278223687646,1478.6556447375292,,,,366.0,712.0,
Lee C.Y.,1507.3316044125736,1505.2883185850003,1505.2883185850003,1510.5766371700006,,,,179.0,39.0,
Lee G.,1473.8070900733846,1447.998531206635,1473.8070900733846,1447.614180146769,,,,312.0,880.0,
Leme Da Silva N.V.,1497.7185893884712,1498.635637966093,1498.635637966093,1497.2712759321862,,,,1206.0,354.0,
Lepchenko V.,1444.928626784192,1463.9657456780883,1471.2432008410037,1442.4864016820072,,,,172.0,48.0,-0.004938761569873773
Lew Yan Foon A.,1481.954231448152,1490.8360198036548,1490.8360198036548,1481.6720396073097,,,,381.0,305.0,
Li A.,1561.2641998112215,1564.0366779853402,1520.2826547597842,1572.3327269348142,,,,29.0,12.0,-0.20390024836829007
Liang E.S.,1432.024031687145,1466.5615284999349,1466.5615284999349,1433.12305699987,,,,260.0,704.0,-0.2372817571615438
Linette M.,1564.7267040030345,1592.0438270359537,1548.6935631740641,1589.743164530583,,,,62.0,17.0,-0.1515236635501095
Lisicki S.,1478.6963497459635,1463.7921328676061,1471.9741219627736,1457.392699491927,,,,371.0,1162.0,-0.21864693194281315
Liu C.,1447.0290704545753,1479.0920576381727,1471.298632392074,1465.2976127407362,,,,111.0,47.0,0.028549631601290204
Liu F.,1483.1369311639087,1491.5624626078513,1491.5624626078513,1483.1249252157027,,,,367.0,670.0,0.04183278011932584
Liutova K.,1565.1138320608793,1532.9138442225712,1532.9138442225712,1565.8276884451423,,,,229.0,28.0,
Lizarazo Y.,1499.091649828341,1499.091649828341,1499.091649828341,1498.1832996566816,,,,537.0,1607.0,
Lodikova D.,1493.9009194323953,1488.362747175071,1493.9009194323953,1487.8018388647909,,,,415.0,411.0,
Loeb J.,1456.007555610222,1462.062836995734,1462.7528418777972,1441.5056837555944,,,,542.0,516.0,-0.2685804329999986
Lovric P.,1483.263693206478,1491.631846603239,1491.631846603239,1483.263693206478,,,,632.0,1811.0,
Lu J.,1463.0888772312562,1480.664499307697,1480.664499307697,1461.3289986153943,,,,259.0,670.0,
Lys E.,1588.5287790038365,1539.4191607352018,1516.3542496102973,1579.294344120494,,,,92.0,15.0,-0.15309754821728677
Ma Y.,1471.9548221444588,1488.4508759683804,1488.4508759683804,1476.9017519367605,,,,194.0,31.0,
Makarova E.,1482.04569982881,1478.0454391006745,1487.4173675101601,1474.8347350203203,,,,178.0,769.0,-0.1986887980417601
Maleckova J.,1471.6080635529474,1462.9221274352917,1478.0458779436244,1456.0917558872488,,,,589.0,405.0,
Malygina E.,1481.9637122791905,1479.7830850018786,1487.7830850018786,1475.5661700037572,,,,590.0,1196.0,
Mandlik E.,1386.6951770223359,1416.5800485789987,1440.3445831012093,1377.6965196374215,,,,174.0,153.0,-0.44270507935648495
Mansouri Y.,1464.9504541655592,1482.8966139199492,1482.8966139199492,1465.7932278398987,,,,380.0,355.0,
Marcinko P.,1470.7134199873053,1534.319508125468,1525.0608691829793,1524.3403465962424,,,,72.0,17.0,0.11854101293718011
Maria T.,1451.622637443829,1507.3717873936444,1564.4602326312902,1542.9000401447513,,,,80.0,15.0,0.10228240726056864
Marino R.,1377.0667549006616,1418.7988864135277,1418.1300956457349,1381.7561841142592,,,,339.0,26.0,0.0043281683416616645
Maristany G.,1476.383721073637,1477.5130422581697,1484.8031554044992,1469.6063108089982,,,,178.0,150.0,
Martic P.,1476.0908308790886,1508.5467631205197,1486.2159215112283,1478.7159297538108,,,,138.0,426.0,-0.10564641924983109
Martincova T.,1415.1239647767711,1401.1678401719387,1422.5809122854319,1392.0188341557755,,,,250.0,103.0,-0.014774200684982697
Martinez Cirez C.,1479.5003036233093,1455.644832495931,1479.5003036233093,1459.0006072466188,,,,352.0,130.0,
Masarova R.,1532.5450089654728,1535.9034213698424,1507.241975429385,1555.1149013695458,,,,166.0,47.0,-0.10228742604764973
Mateas M.,1487.5544179589115,1499.9193959445747,1496.0024678773725,1492.0049357547448,,,,243.0,465.0,
Matoula M.,1466.689036943818,1483.2798740506025,1483.2798740506025,1466.559748101205,,,,301.0,48.0,
Mattek-Sands B.,1484.0,1492.0,1492.0,1484.0,,,,363.0,1831.0,-0.06207631418542525
Mboko V.,1826.6712506070708,1699.1918871651942,1663.164768914607,1827.0081826883034,,,,9.0,92.0,-0.11545767373342564
McNally C.,1603.6174015440556,1595.8455460869968,1600.981214936578,1652.2908417282358,,,,70.0,15.0,0.1177682397646263
Mchale C.,1493.0963784454548,1493.0963784454548,1485.07942438037,1486.1927568909093,,,,261.0,1524.0,-0.1695340979333522
Mcnally C.,1455.7299198999385,1470.2014114910637,1469.7529267774175,1456.2661637144263,,,,540.0,593.0,-0.17635228722828755
Mediorreal A.V.,1481.4900231699514,1464.8606348664944,1481.4900231699514,1462.9800463399029,,,,753.0,153.0,
Melnikova M.,1477.9317716289288,1477.5708900085588,1485.9390434053198,1471.8780868106396,,,,440.0,915.0,-0.2117152486915053
Mendez S.,1463.5241307183437,1481.7599889983903,1481.7599889983903,1463.5199779967809,,,,211.0,1642.0,
Mertens E.,1658.4900564334353,1648.6473090025897,1662.3784244012227,1695.8336605388363,,,,22.0,14.0,0.09877683985147712
Micic E.,1508.4952433946924,1503.7343544522578,1503.7343544522578,1507.4687089045156,,,,302.0,46.0,
Min G.,1485.494047867143,1493.0543093728888,1493.0543093728888,1486.1086187457774,,,,344.0,1078.0,-0.03944053429898642
Minella M.,1469.0323254277873,1484.5161627138937,1484.5161627138937,1469.0323254277873,,,,201.0,1770.0,-0.1502372823138588
Minnen G.,1441.8134382221115,1437.5666165848088,1464.7113953607882,1449.738528632853,,,,202.0,80.0,-0.15319288197973852
Mitu A.,1482.7745457502315,1491.3807429027702,1491.3807429027702,1482.7614858055401,,,,216.0,936.0,-0.13973555495529394
Miyazaki Y.,1476.7546507997067,1481.5215362358858,1463.1561879875435,1463.0430724717717,,,,166.0,717.0,-0.03675614692786555
Mladenovic K.,1399.1905226812178,1399.5294554380093,1427.002570952941,1369.3641575658016,,,,218.0,719.0,-0.2294837340855735
Monnet C.,1480.8933593340764,1441.7852836812235,1476.3080249284358,1452.6160498568718,,,,205.0,45.0,
Monroy Y.,1484.3704251203205,1469.4948649863484,1484.3704251203205,1468.740850240641,,,,765.0,879.0,
Montgomery R.,1494.3322685900212,1503.12190306421,1553.7836213998353,1535.8775742426424,,,,195.0,61.0,0.08091624967691624
Morderger Y.,1491.2777537053005,1482.245774828521,1491.2777537053005,1482.555507410601,,,,379.0,1567.0,
Morvayova V.,1491.2812304607187,1496.1902193387568,1496.1902193387568,1492.3804386775137,,,,300.0,48.0,
Mrdeza T.,1484.0,1492.0,1492.0,1484.0,,,,225.0,1811.0,-0.3728900369727496
Muchova K.,1887.0350415519233,1788.6793705739628,1758.5493673611654,1910.106140369857,,,,9.0,50.0,0.16217575779356053
Muguruza G.,1502.7008482913186,1476.5111332031593,1475.9715320684168,1481.504121749428,,,,82.0,1308.0,-0.1904066071670853
Muhammad A.,1461.322874381407,1470.2067472870865,1478.8362863921084,1457.6725727842165,,,,349.0,1077.0,-0.03841381827204282
Naef C.,1476.7961769142012,1482.4381218218928,1491.037781140682,1480.7073716232203,,,,161.0,808.0,
Nahimana S.,1484.2294036522194,1469.9506137302092,1484.2294036522194,1468.4588073044388,,,,231.0,102.0,
Naito Y.,1489.1042262096462,1495.1383532097211,1495.1383532097211,1490.2767064194422,,,,210.0,1440.0,
Naklo T.,1455.6545670774422,1478.4898870634356,1478.4898870634356,1456.979774126871,,,,543.0,305.0,
Navarro E.,1598.4438609390086,1624.5092449492163,1643.8012583958653,1665.7435258396172,,,,28.0,12.0,-0.041845880420437576
Ngounoue C.,1448.242429082684,1463.3863065879657,1472.3633486521671,1444.7266973043345,,,,178.0,370.0,
Niemeier J.,1452.2722277186797,1443.5601551163013,1490.6478653358768,1463.9416473173474,,,,566.0,40.0,-0.24639498102735563
Noel A.,1485.3731229473035,1493.3670260630402,1493.3670260630402,1486.7340521260805,,,,784.0,733.0,
Noha Akugue N.,1485.6458694304965,1496.3539138975057,1493.3721634999351,1486.7443269998705,,,,144.0,39.0,-0.14934087095793114
Noskova L.,1759.4959412582202,1695.1272369334997,1771.611853605643,1837.4195572964177,,,,8.0,11.0,0.2151891166513119
Nugroho P.,1463.7727472105028,1481.1823529607211,1481.1823529607211,1462.3647059214422,,,,535.0,671.0,
Nugroho P.M.,1484.0,1492.0,1492.0,1484.0,,,,280.0,305.0,
Nuudi M.,1483.05261179878,1491.4861886717786,1491.4861886717786,1482.9723773435571,,,,640.0,1433.0,
Okalova M.,1498.0100479973148,1498.9127462145918,1498.9127462145918,1497.8254924291837,,,,464.0,354.0,
Okamura K.,1469.9459847443,1475.1286900166347,1483.227419618834,1466.4548392376678,,,,183.0,517.0,
Oktiabreva A.,1481.484491786306,1490.5852362152623,1490.5852362152623,1481.1704724305243,,,,403.0,41.0,
Oliynykova O.,1545.0406869891608,1569.8360262620063,1528.8579540854216,1571.7602930194066,,,,46.0,14.0,0.08916972674278523
Olmos G.,1482.9066954926043,1491.278120368121,1491.278120368121,1482.556240736242,,,,685.0,1692.0,
Ormaechea P.,1485.9377825753493,1471.1240487868313,1485.9377825753493,1471.8755651506985,,,,183.0,1245.0,-0.21917334232860408
Ortenzi J.,1504.2777508354293,1532.275279541609,1512.2777508354293,1524.5555016708586,,,,206.0,148.0,
Osaka N.,1812.4630047874361,1742.4436915041756,1736.718558708409,1856.6687290790499,,,,13.0,18.0,0.019751723119128872
Osorio M.,1566.6410732779418,1595.7702135406205,1506.16889475702,1586.4766555190972,,,,55.0,17.0,-0.04419232879801549
Ostapenko J.,1631.4628859352242,1668.4750497471114,1671.89503876059,1687.3713239008614,,,,30.0,15.0,-0.043717575111615115
Osuigwe W.,1433.5413752408895,1468.38494430625,1468.38494430625,1436.7698886124997,,,,197.0,34.0,-0.11968499595000864
Oz I.,1436.8897208964622,1446.7933054066605,1462.4639875915848,1424.9279751831696,,,,424.0,47.0,
Ozgen P.,1491.656502647982,1483.656502647982,1491.656502647982,1483.313005295964,,,,320.0,1594.0,
Palicova B.,1456.508017747873,1465.5363117872841,1474.254869100218,1448.5097382004362,,,,179.0,403.0,
Paoletti M.,1484.6926638824052,1470.0549927609895,1484.6926638824052,1469.3853277648104,,,,294.0,1208.0,
Paolini J.,1685.125163418336,1686.4356350265732,1637.9030208357426,1695.4889550016533,,,,17.0,53.0,-0.016921451954478584
Papadakis L.,1488.2198639163335,1488.2198639163335,1471.9509477436557,1476.4397278326667,,,,332.0,1161.0,
Papamichail D.,1443.9562899951804,1450.9056388298823,1465.7572338812222,1431.5144677624444,,,,163.0,151.0,-0.07086231957757633
Paquet C.,1380.2354499829949,1430.9259801478097,1436.604942945879,1389.2098858917577,,,,236.0,138.0,-0.24659114742522395
Pareja J.,1489.3268539088385,1510.3622832075575,1498.6226877143044,1497.245375428609,,,,308.0,33.0,
Park S.,1469.6583545862118,1484.4592842838993,1484.4592842838993,1468.9185685677985,,,,293.0,349.0,
Parks A.,1485.1668658801118,1481.0554163030477,1464.400945533864,1493.9396428981302,,,,63.0,16.0,-0.10265218913875818
Parrizas Diaz N.,1463.2758968781345,1428.1288687477386,1434.215671307364,1443.21919578818,,,,111.0,516.0,-0.21819991286626433
Parry D.,1572.8159286977088,1570.5592460494067,1564.0468397437262,1601.851433424235,,,,66.0,11.0,0.002322496937654517
Pattinama Kerkhove L.,1467.9293646647072,1483.5367794929443,1475.1863234646503,1467.0735589858884,,,,203.0,1174.0,-0.00532619487623337
Pavlyuchenkova A.,1537.2936920782277,1520.8872507373324,1555.234988044459,1545.9075528757248,,,,116.0,130.0,-0.43388968614808276
Pedone G.,1484.8417942752753,1468.951822014145,1484.8417942752753,1469.6835885505504,,,,229.0,481.0,
Pegula J.,1926.975543717691,1816.5708968700897,1802.5719112557817,1938.7452664502728,,,,3.0,6.0,-0.03859669527491194
Pera B.,1437.3660463297997,1528.7365985591507,1470.703465523394,1473.9900221232465,,,,111.0,388.0,0.049234026616929105
Perez E.,1440.8716827471007,1470.5668999662605,1470.5668999662605,1441.133799932521,,,,456.0,1056.0,-0.33058689380450745
Peterson R.,1505.9023628464092,1455.4134117403241,1457.916521411934,1463.1641401101776,,,,86.0,1098.0,-0.10954796603974709
Petkovic A.,1463.1171359534178,1493.5925916417418,1469.010327854762,1469.092146937038,,,,104.0,1461.0,-0.03977551987831879
Pieri J.,1480.911288435172,1490.316261718221,1490.316261718221,1480.6325234364424,,,,284.0,1769.0,
Pieri T.,1500.1441894856039,1499.3882625646402,1500.1441894856039,1500.288378971208,,,,377.0,466.0,
Pigato L.,1486.3337068343787,1471.7764261042012,1486.3337068343787,1472.6674136687575,,,,141.0,116.0,
Pigossi L.,1432.904152142026,1474.1599098113877,1464.2911993674238,1444.5823987348474,,,,193.0,353.0,-0.08058794797080976
Pironkova T.,1484.0,1492.0,1492.0,1484.0,,,,107.0,1825.0,-0.12214328721724893
Pliskova Ka.,1629.562900396692,1633.75617963475,1606.618756552954,1673.9895576321726,,,,57.0,16.0,-0.08454867235496233
Pliskova Kr.,1483.6187685997688,1491.6251032476926,1491.6251032476926,1483.250206495385,,,,129.0,1798.0,-0.047720866446558874
Podoroska N.,1431.0214602889985,1406.7288247146425,1424.9075253388569,1405.1504350548414,,,,537.0,41.0,-0.0010253273968175436
Podrez V.,1506.9021311552817,1533.6878591349166,1514.9021311552817,1529.8042623105634,,,,140.0,41.0,
Pohankova M.,1519.7727598791917,1512.2126801235581,1512.632829842521,1524.4253602471165,,,,280.0,80.0,
Ponchet J.,1428.5381108849285,1437.995750273979,1443.4097428999758,1420.0918513395638,,,,170.0,138.0,0.18059351705419374
Popa G.S.,1491.1800762062583,1482.737540565312,1491.1800762062583,1482.3601524125165,,,,1225.0,411.0,
Potapova A.,1644.8357231076366,1718.414113808682,1620.6271051681094,1716.506468108357,,,,25.0,14.0,-0.1579785739366697
Preston T.,1515.6933550555168,1509.1839813567476,1501.6039818278396,1518.3679627134952,,,,124.0,73.0,0.2030487444705843
Pridankina E.,1456.2628798482845,1458.0246394054318,1472.9726414062652,1445.9452828125304,,,,184.0,40.0,-0.1293499770745034
Prisacariu A.,1476.3945076467398,1478.2726683704427,1484.9861539953617,1469.9723079907235,,,,474.0,411.0,
Prozorova T.,1433.1050339258372,1465.89490215965,1468.6294846285857,1437.2589692571714,,,,181.0,31.0,-0.08992262767311815
Putintseva Y.,1528.9760226534568,1531.3176237232024,1521.0613823593421,1523.2534221704195,,,,81.0,16.0,-0.16938365917805354
Quevedo K.,1486.7710056714677,1493.6282781146276,1493.389732252102,1486.7794645042038,,,,101.0,41.0,0.010656500381921563
Radisic N.,1483.263693206478,1491.631846603239,1491.631846603239,1483.263693206478,,,,535.0,1812.0,
Raducanu E.,1654.2350912291304,1606.6167957793716,1647.2621247495458,1679.2380462600881,,,,42.0,77.0,-0.0769393770150758
Radwanska U.,1467.1604139846638,1483.4292760105036,1483.4292760105036,1466.8585520210074,,,,210.0,1770.0,-0.22683529410116826
Raina A.,1439.4770151782914,1459.6202622676758,1467.6202622676758,1435.2405245353516,,,,200.0,1049.0,-0.11270701664875499
Rajecki A.,1492.8548738377367,1492.8548738377367,1484.4385559078255,1485.7097476754734,,,,884.0,803.0,
Rajeshwaran Revathi M.,1484.0,1492.0,1492.0,1484.0,,,,658.0,305.0,
Rakhimova K.,1483.2502721226422,1492.8492624491828,1512.3295119037386,1512.896417953571,,,,83.0,15.0,0.13663649659413918
Rakotomanga Rajaonah T.,1511.1539092069438,1480.2288552734751,1498.8986537779738,1497.7973075559473,,,,153.0,97.0,-0.10367451076030337
Rapolu M.,1482.0648711383774,1490.7261874286016,1490.7261874286016,1481.4523748572033,,,,542.0,552.0,
Ren Y.,1480.7583656340812,1490.0158779112862,1490.0158779112862,1480.0317558225724,,,,500.0,703.0,
Reyngold E.,1490.1792475416632,1481.1135082022497,1490.1792475416632,1480.3584950833263,,,,333.0,1567.0,
Riera J.,1502.5634149518287,1521.7570754024773,1499.317707591083,1513.5348837133529,,,,186.0,149.0,0.08004628183634105
Riske A.,1601.8850072332943,1546.7201701332556,1563.7087525961633,1602.4408757408503,,,,29.0,1456.0,0.09747423018810697
Riske-Amritraj A.,1388.4140232430248,1433.0387270632782,1432.7863244761402,1380.4074536161993,,,,141.0,1152.0,-0.32142090771032883
Ristic M.,1480.5585625454473,1463.873006605591,1480.5585625454473,1461.1171250908947,,,,301.0,776.0,
Robbe A.,1495.9982297729277,1489.2428423768465,1495.9982297729277,1491.9964595458555,,,,265.0,866.0,
Rodina E.,1483.2002452325253,1469.9332237149588,1476.826074214602,1469.0690249202044,,,,290.0,1139.0,-0.025997064385770097
Rodionova Ar.,1437.6451108068363,1457.2690619549617,1460.7563277087725,1431.0451448581969,,,,250.0,303.0,-0.18119734175012045
Rodriguez V.,1453.7532822530238,1476.7104854051336,1476.7104854051336,1453.4209708102674,,,,411.0,354.0,
Rogers A.S.,1480.3736666095444,1489.6786820285117,1489.6786820285117,1479.3573640570235,,,,250.0,355.0,
Rogers S.,1503.4644598839577,1496.0604876717432,1484.2540481692026,1502.6578593708173,,,,356.0,732.0,-0.12673707741249224
Romero Gormaz L.,1480.5285468497707,1488.198668674776,1490.4729849288576,1480.9459698577152,,,,153.0,38.0,-0.01770229499590492
Rosatello C.,1479.7759837036165,1478.1823890294354,1488.1087106112946,1476.217421222589,,,,245.0,468.0,-0.05745976640150524
Routliffe E.,1489.4942487725987,1506.083188679555,1498.083188679555,1496.16637735911,,,,858.0,1196.0,
Rouvroy M.,1478.8680967080463,1459.7251062221017,1478.8680967080463,1457.7361934160929,,,,321.0,411.0,
Ruggeri J.,1493.6861695402663,1485.1152766480723,1493.6861695402663,1487.3723390805326,,,,265.0,117.0,
Rus A.,1419.416544584004,1458.6965121894564,1427.0613794321382,1425.1390229729686,,,,187.0,40.0,-0.107751880565565
Ruse E-G.,1492.823837467025,1486.4085874094226,1492.823837467025,1485.6476749340497,,,,69.0,1503.0,
Ruse E.G.,1565.9746032502478,1583.4428852706667,1594.4068506590384,1638.3511564887513,,,,74.0,17.0,0.06882436339849052
Ruzic A.,1521.273162931695,1503.3392776733149,1488.135187216511,1512.2849413457498,,,,61.0,17.0,-0.2217416331483119
Rybakina E.,1891.3473706941618,1768.5153093291715,1696.8232386165128,1866.843590647574,,,,2.0,11.0,0.03207770426567347
Sabalenka A.,2004.6732768378538,1898.8813819199872,1833.7475326748613,1978.9658970326636,,,,1.0,10.0,-0.2144263720334385
Saigo R.,1456.0714631698631,1478.733228399025,1478.733228399025,1457.4664567980496,,,,365.0,306.0,
Saito S.,1481.4983661293509,1492.7914075994581,1492.7914075994581,1485.5828151989165,,,,161.0,671.0,
Sakatsume H.,1492.3553815213172,1493.422319820127,1485.9384167849894,1486.844639640254,,,,125.0,76.0,0.04605407247847981
Sakellaridi S.,1483.451020763116,1491.7521465468662,1491.7521465468662,1483.5042930937323,,,,442.0,47.0,
Sakkari M.,1636.7697575676618,1593.252227425579,1577.4367529209685,1634.830886306332,,,,32.0,13.0,0.10398492341972687
Salkova D.,1536.1828856867176,1511.5473681145586,1515.5323051344803,1531.064610268961,,,,127.0,37.0,0.0388848401535874
Samson L.,1479.5808713346187,1503.2539640247774,1494.2956148653811,1488.5912297307625,,,,150.0,40.0,
Samsonova L.,1635.0776099009931,1616.8160047546905,1620.7573826886276,1652.5150660337529,,,,43.0,13.0,0.19635200575240846
Samudio A.,1491.3558473618205,1484.043183015813,1491.3558473618205,1482.7116947236411,,,,1077.0,1245.0,
Sanchez A.S.,1433.866086574551,1459.3086060590026,1464.6680208063399,1429.3360416126795,,,,231.0,151.0,-0.23686533182889544
Sanchez Uribe M.J.,1492.0,1484.0,1492.0,1484.0,,,,1259.0,516.0,
Sanders S.,1364.774033991257,1419.5687388894503,1419.5687388894503,1355.1374777789008,,,,200.0,1257.0,-0.2530909871004514
Sasnovich A.,1508.223157949481,1487.5171537258827,1493.0169766818217,1504.5434069751343,,,,133.0,40.0,-0.17398373901154518
Saville D.,1489.3414763622313,1479.5961031107233,1467.461722601156,1479.967129245045,,,,137.0,461.0,-0.08262716529316827
Savinykh V.,1473.344922979134,1486.4909103643186,1486.4909103643186,1472.9818207286369,,,,146.0,1045.0,-0.027630817065263213
Sawangkaew M.,1532.0328370746001,1524.3103334151815,1531.1963317546345,1548.6206668303628,,,,105.0,16.0,0.07640369756440224
Schmiedlova A.,1416.091698084554,1441.708858828778,1441.6821423101599,1415.6975679046782,,,,98.0,718.0,-0.10147908184317844
Schunk N.,1460.1673286368382,1440.684406907997,1459.5003042926228,1435.0006085852453,,,,418.0,40.0,
Schuurs D.,1485.0697472379634,1492.7825595062623,1492.7825595062623,1485.5651190125243,,,,136.0,1078.0,
Scott K.,1445.8266819615972,1462.324696799892,1468.9715185553837,1437.9430371107676,,,,565.0,378.0,
Sebov K.,1482.6089710790332,1483.4366306158465,1490.4861635529633,1480.9723271059268,,,,231.0,26.0,0.008075902520574607
Seguel D.,1491.615151337401,1483.615151337401,1491.615151337401,1483.2303026748018,,,,224.0,1608.0,
Seidel E.,1445.1988152991614,1444.6016457750188,1460.5849998587307,1431.8097407900252,,,,103.0,41.0,-0.29185702227202903
Selekhmeteva O.,1485.6732345457963,1458.3760324082114,1488.9658956685032,1473.3148151022003,,,,91.0,59.0,-0.11191544173998907
Semenistaja D.,1440.9697130013542,1458.3925793630342,1457.1224396518512,1432.357659328167,,,,109.0,40.0,-0.15902314556785913
Serban R.,1475.0173315843235,1451.0012256579635,1475.0173315843235,1450.0346631686473,,,,224.0,411.0,
Sevastova A.,1531.501926051168,1504.6383751823541,1496.5532556422747,1525.272078659087,,,,208.0,307.0,0.09560979953162307
Sharma A.,1420.7097677652791,1476.5703994097646,1464.9204368520495,1446.5432756944494,,,,148.0,405.0,0.13413603186911466
Sherif M.,1393.5560844733536,1574.85620063833,1491.270392733029,1528.6996899279281,,,,73.0,37.0,0.44796952967678083
Shi H.,1454.3030077696521,1477.799855376282,1477.799855376282,1455.599710752564,,,,312.0,340.0,
Shibahara E.,1459.7162116739244,1478.5630250332997,1472.2015409983874,1460.2454246319837,,,,193.0,307.0,0.00037402132188024684
Shimizu A.,1482.619953806153,1492.257471711326,1492.257471711326,1484.5149434226519,,,,425.0,230.0,
Shinikova I.,1489.772106564241,1495.0624519905227,1495.0624519905227,1490.1249039810457,,,,214.0,1440.0,-0.10837190209427872
Shnaider D.,1732.023695166095,1709.8216812204405,1648.8853964925042,1759.681865363999,,,,14.0,11.0,0.22491751814515887
Shvedova Y.,1483.263693206478,1491.631846603239,1491.631846603239,1483.263693206478,,,,452.0,1825.0,-0.21312349727925523
Shymanovich I.,1473.7227411987042,1483.2962414873964,1478.7151911956637,1474.157865869312,,,,205.0,32.0,0.014018117551226894
Sidorova K.,1491.5119725514078,1495.9461758029452,1495.9461758029452,1491.8923516058906,,,,541.0,307.0,
Siegemund L.,1545.790767413319,1537.3620732746126,1529.9463571647,1560.6812851997936,,,,40.0,61.0,-0.01812707415495235
Sierra S.,1477.8777130566575,1554.1810964182082,1524.2547165159613,1540.860886876268,,,,86.0,26.0,-0.007335672665800874
Silva E.,1490.6911266511856,1490.6911266511856,1482.6911266511856,1481.3822533023715,,,,343.0,1545.0,
Siniakova K.,1631.0756937009014,1542.7401301714908,1577.7186932752356,1629.8912181082874,,,,44.0,12.0,-0.0687487775943671
Siskova A.,1489.1842356184466,1508.1430534043625,1498.1340215483265,1496.2680430966532,,,,255.0,209.0,
Snigur D.,1582.0759924176891,1555.9363635849186,1560.0153005932575,1603.8422359381682,,,,45.0,14.0,0.17270110609222167
Soboleva A.,1474.0787258584517,1476.384892090218,1484.25051006707,1468.5010201341402,,,,231.0,769.0,
Sobolieva A.,1495.8256759281667,1490.5192179238566,1495.8256759281667,1491.6513518563336,,,,256.0,462.0,
Sonmez Z.,1547.8354970128664,1515.4810852282592,1532.3035003087236,1558.1595324161785,,,,50.0,15.0,-0.020837194372283485
Sonobe W.,1506.5624733680818,1504.1403988233346,1504.1403988233346,1508.2807976466693,,,,263.0,311.0,
Sorribes Tormo S.,1506.1819807109669,1506.7768374783514,1479.6800685026553,1494.4535732373854,,,,212.0,40.0,-0.3021156748631563
Spiteri D.,1491.9553064674337,1483.5644307147302,1491.9553064674337,1483.9106129348675,,,,508.0,1209.0,
Sramkova R.,1480.9928438418842,1489.0001088534354,1495.9246599633716,1481.4969736403746,,,,141.0,26.0,-0.3198155548835146
Stakusic M.,1504.389633353943,1487.0368158187157,1492.7258218265883,1498.2430927116995,,,,130.0,179.0,0.03891224072039429
Starodubtseva Y.,1443.345517259417,1530.421456895021,1472.4275403631168,1482.4425398559524,,,,78.0,16.0,-0.1896756817451885
Stearns P.,1567.0966758457396,1614.2747541251233,1515.897164852614,1592.2105930654402,,,,53.0,14.0,-0.12407614420517321
Stefanini L.,1417.9894854706681,1410.3036923178101,1436.8325414664287,1402.173486836438,,,,142.0,14.0,-0.08755658602259209
Steiner V.,1484.027396851286,1468.465465635406,1484.027396851286,1468.0547937025724,,,,544.0,40.0,
Stephens S.,1457.802851516845,1496.4671911390155,1466.4773956004904,1467.1332838839737,,,,240.0,12.0,0.08374266472482556
Stevanovic N.,1498.808408921348,1493.8540123592895,1500.8333013048327,1497.616817842696,,,,204.0,865.0,
Stoiana M.,1452.7257953342364,1464.4459174461394,1473.6050736811299,1447.21014736226,,,,130.0,16.0,
Stojanovic N.,1474.8490106624388,1484.466320445118,1477.724095074247,1468.932640890236,,,,163.0,404.0,-0.15102215415360576
Stojsavljevic M.,1466.9093491200988,1477.2979769970975,1458.1649949365474,1454.5959539941953,,,,276.0,62.0,
Stollar F.,1496.7918911152606,1491.1353119286,1496.7918911152606,1493.5837822305214,,,,280.0,775.0,-0.1809775608422764
Stosur S.,1466.667902886859,1470.831208913029,1479.19936230979,1458.3987246195802,,,,490.0,1568.0,-0.27952704058019595
Strakhova V.,1484.0,1492.0,1492.0,1484.0,,,,303.0,355.0,
Strycova B.,1459.8100304965055,1478.8744702613058,1463.5423793812113,1452.2620664917977,,,,430.0,1097.0,-0.2656343966708121
Stusek J.,1491.97707290044,1488.9538392086324,1483.6127545356178,1483.9541458008798,,,,435.0,39.0,
Suarez Navarro C.,1484.0,1492.0,1492.0,1484.0,,,,335.0,1826.0,-0.10097485220279545
Sun L.,1487.542578010515,1481.5955147343666,1508.1024030613553,1496.6083995311599,,,,105.0,153.0,-0.0673053603757019
Svitolina E.,1855.6035249990514,1849.575369634214,1732.7390154338525,1886.1221073394288,,,,9.0,13.0,-0.06501620051631307
Swan K.,1516.2628374507146,1501.6581535313323,1486.501241579566,1503.3163070626647,,,,196.0,59.0,0.10273300503308325
Swiatek I.,1923.3339340729426,1905.396292120116,1814.2414551079673,1938.2961667671639,,,,5.0,8.0,0.1935924835652264
Szabanin N.,1476.7009203868772,1454.181666491374,1476.7009203868772,1453.4018407737544,,,,572.0,776.0,
Tagger L.,1589.9761040506896,1529.249421329872,1531.705494056985,1579.4109881139698,,,,48.0,16.0,0.1177894489888559
Tan H.,1426.5245482268654,1442.7023094429974,1473.065317126243,1425.4310263956809,,,,202.0,137.0,0.011786881862660525
Tararudee L.,1519.3549985771233,1513.769043948821,1516.3826204627921,1527.538087897642,,,,78.0,27.0,0.12404599438390812
Tauson C.,1613.7404743718484,1557.7432800608237,1553.872367972384,1608.5840803765495,,,,42.0,13.0,-0.10993974304368537
Teichmann J.,1518.7056548310825,1586.3989088965895,1495.1399590803944,1573.4948320416838,,,,170.0,91.0,0.15960892902070228
Thandi K.,1497.9866690886115,1498.3171083659222,1498.3171083659222,1496.6342167318442,,,,359.0,1446.0,
Tian F.,1488.1028687272646,1494.1072492529418,1494.1072492529418,1488.2144985058835,,,,553.0,1064.0,
Tig P.M.,1449.4627350680548,1453.7628287978084,1470.0531253367117,1440.1062506734231,,,,210.0,411.0,-0.12147686640527999
Tikhonova A.,1434.1028788754688,1426.6844022044618,1443.8687890104752,1403.7375780209507,,,,1178.0,153.0,
Timofeeva M.,1488.9720551877313,1464.567463429701,1489.215349270582,1471.3823450699877,,,,84.0,38.0,-0.18725347502952483
Tjandramulia O.,1483.1716187686043,1491.4252702808253,1491.4252702808253,1482.8505405616509,,,,421.0,1447.0,
Tjen J.,1528.5834737753444,1489.5533456505937,1485.5391199393923,1507.7126845506496,,,,37.0,12.0,-0.06573321441953078
Tkacheva M.,1480.914275738629,1490.1841899930496,1490.1841899930496,1480.368379986099,,,,366.0,1447.0,
Todoni A.,1466.6286170027777,1456.1337640516463,1457.7068882664403,1447.5993004854529,,,,90.0,426.0,-0.05862098495867851
Tomljanovic A.,1551.7234426992056,1494.5994258670744,1535.161950001539,1531.5648815503844,,,,94.0,61.0,-0.1273090237781077
Tomova V.,1428.034847677794,1423.058036026216,1428.8943099788262,1420.7829418455926,,,,207.0,47.0,-0.0664654864309831
Tona M.,1494.3984034941238,1497.4084965855886,1497.4084965855886,1494.816993171177,,,,384.0,45.0,
Topalova G.,1485.07819328277,1471.2138686314938,1485.07819328277,1470.1563865655398,,,,229.0,769.0,
Torres Murcia M.C.,1480.6521691808616,1463.0212144938957,1480.6521691808616,1461.304338361723,,,,880.0,152.0,
Toth A.,1482.6213420108747,1465.7104874149645,1482.6213420108747,1465.2426840217495,,,,371.0,776.0,
Townsend T.,1665.5370972013961,1570.664809800819,1555.382995968225,1666.2427545041535,,,,94.0,14.0,0.07939026344077138
Trevisan M.,1426.4448249348416,1441.4835561655573,1423.3923601789356,1413.071067622954,,,,516.0,117.0,-0.003185361703458678
Tsurenko L.,1518.5563097968795,1555.011507937298,1540.8916418668882,1532.0202815484308,,,,96.0,691.0,-0.20405397504456607
Tubello A.,1493.481877493277,1485.9010712360207,1493.481877493277,1486.9637549865536,,,,226.0,96.0,
Uchijima M.,1386.7659122407458,1428.3571761746002,1418.9337233275833,1385.3198062197353,,,,107.0,25.0,-0.18901686780997087
Udvardy P.,1465.058766687747,1517.2108098291183,1473.9006516360691,1500.35435767315,,,,77.0,17.0,-0.09325786149915355
Urgesi F.,1485.6445355802562,1469.1136249778506,1485.6445355802562,1471.2890711605123,,,,410.0,116.0,
Urhobo A.,1470.7953308379879,1463.813104022709,1479.71910976055,1459.4382195210999,,,,185.0,97.0,
Valdmannova V.,1485.5024948135715,1493.059288347532,1493.059288347532,1486.118576695064,,,,300.0,208.0,
Valentova T.,1593.4916813976433,1544.0072193481944,1541.9617257506495,1591.6194508494466,,,,64.0,13.0,0.09014559034812963
Van Uytvanck A.,1460.2412399371842,1440.6606626631587,1440.3917167901072,1427.6173133671402,,,,245.0,769.0,-0.27648977727540425
Van den Broek I.L.,1493.7310015231433,1493.7310015231433,1484.8267806645683,1487.4620030462868,,,,704.0,445.0,
Vandeweghe C.,1460.7947387781517,1499.6050428242138,1467.6050785131756,1467.913973969957,,,,136.0,1276.0,-0.04784957898932457
Vandewinkel H.,1478.9889417520117,1482.1032800129408,1480.390585463073,1473.0556134672438,,,,82.0,16.0,
Vedder E.,1484.1186678364509,1471.0254000843722,1476.6491755165766,1468.2373356729017,,,,249.0,410.0,
Vekic D.,1535.916031008283,1552.233950181991,1592.650731494508,1583.6429194110294,,,,34.0,14.0,0.01094510248965036
Vicens Mas R.,1491.9933466819293,1483.9933466819293,1491.9933466819293,1483.9866933638586,,,,177.0,1244.0,
Vickery S.,1426.4589045251396,1445.3877725096704,1460.4855471097899,1421.6071012273162,,,,160.0,720.0,-0.10443660661931747
Vidmanova D.,1474.789592412496,1478.957086087255,1480.4601293656597,1470.5683627362469,,,,88.0,17.0,0.016883603941513226
Vikhlyantseva N.,1483.2283057342675,1491.6141528671337,1491.6141528671337,1483.2283057342675,,,,170.0,1797.0,-0.18953548759732958
Voegele S.,1395.4253603350323,1436.2622678546172,1444.2622678546172,1388.5245357092342,,,,141.0,1609.0,-0.1152416398710136
Volodko K.,1483.8919098584454,1481.9696019531211,1488.6840261802226,1477.3680523604455,,,,267.0,1056.0,
Volynets K.,1446.652305713716,1457.8425093578521,1461.0910726497912,1465.9495019485264,,,,89.0,16.0,0.042088681686426765
Von Deichmann K.,1431.4411986994069,1451.5106476386566,1460.9005160402753,1421.8010320805506,,,,158.0,515.0,
Vondrousova M.,1739.3696498463964,1700.9780618699683,1735.6002219032964,1793.5840732163479,,,,34.0,229.0,-0.013768935308232533
Vrancken Peeters A.,1492.082671506082,1492.082671506082,1485.2346257300655,1484.1653430121642,,,,493.0,447.0,
Wagner S.,1484.623300110494,1492.305315720952,1492.305315720952,1484.610631441904,,,,316.0,1769.0,
Waltert S.,1465.15237481516,1452.3671128595129,1457.2059136361208,1449.1779570694598,,,,87.0,15.0,-0.10656967609667678
Wang M.,1481.5422782116189,1490.8264996296177,1490.8264996296177,1481.6529992592355,,,,410.0,703.0,
Wang Q.,1467.6870937069339,1460.7418754087264,1454.71577885132,1449.9015186056163,,,,403.0,704.0,-0.19012827440505936
Wang Xin.,1561.5768250550973,1508.1580943429133,1558.666327925021,1575.1418627700386,,,,36.0,11.0,0.10797302466851866
Wang Xiy.,1460.696054707495,1493.0257098402367,1456.418492192384,1479.5990582959682,,,,108.0,10.0,-0.001159293423858565
Wang Y.,1500.6255624154974,1494.0418229988006,1500.5040336621828,1511.0814532209931,,,,298.0,304.0,-0.05702098648630771
Watson H.,1447.8666792661988,1462.8006651943447,1464.1139969680646,1451.664412432436,,,,281.0,187.0,-0.14887506453322497
Wei S.,1422.456346432404,1464.0456671867319,1464.0456671867319,1428.091334373464,,,,207.0,307.0,-0.1331443461493425
Werner C.,1490.5754554476423,1500.56199028863,1497.831779016865,1495.6635580337302,,,,271.0,305.0,
Wickmayer Y.,1458.7203150521696,1486.0113229029519,1452.501383316953,1450.2841308575714,,,,764.0,426.0,-0.2928433689952233
Williams S.,1493.7201298502923,1489.8182802928532,1474.550685263278,1479.6365605857065,,,,471.0,61.0,-0.33289850799960896
Williams V.,1307.781834274865,1395.5351437754032,1382.600462538986,1307.0702875508064,,,,615.0,16.0,-0.29186472316950585
Wong C.,1467.2918408179216,1483.4212192774817,1483.4212192774817,1466.842438554963,,,,412.0,670.0,
Wong Hong Yi C.,1484.0,1492.0,1492.0,1484.0,,,,498.0,307.0,
Wozniacki C.,1593.8630565426001,1545.7582065793754,1574.1390511978855,1606.3583878204302,,,,71.0,727.0,0.05660577249199428
Wu H.C.,1488.0111166028191,1494.9965185173196,1494.9965185173196,1489.993037034639,,,,669.0,1054.0,
Wuerth T.,1492.916729215323,1485.2490123426983,1492.916729215323,1485.8334584306456,,,,205.0,412.0,
Wurth T.,1480.6096619129223,1481.0489899247782,1488.1800030937216,1476.3600061874433,,,,461.0,769.0,
Xu M.,1487.0778355882348,1487.0778355882348,1464.035854646996,1474.15567117647,,,,326.0,62.0,
Yamaguchi M.,1458.192225502259,1479.9053420164305,1479.9053420164305,1459.810684032861,,,,279.0,304.0,
Yamalapalli S.,1501.870009725078,1501.085464829603,1501.085464829603,1502.1709296592062,,,,344.0,304.0,
Yang V.,1483.9712124435896,1492.2729989919703,1492.2729989919703,1484.5459979839409,,,,1139.0,607.0,
Yang Y.,1481.789371211642,1491.7284738838562,1491.7284738838562,1483.456947767712,,,,236.0,1076.0,
Yao X.,1485.6153698236885,1493.1079895240193,1493.1079895240193,1486.2159790480387,,,,294.0,669.0,
Yastremska D.,1520.5229019128133,1504.1973591716182,1533.5814745259563,1522.4350623539558,,,,107.0,17.0,-0.2547653867930137
You X.,1429.5652498746344,1440.8937584971195,1458.406617622958,1416.8132352459163,,,,306.0,670.0,-0.1642602064792953
Yu E.,1487.312564906947,1493.6245882007765,1493.6245882007765,1487.249176401553,,,,763.0,1462.0,
Yuan Y.,1521.502065982414,1484.6575523763067,1478.919699242956,1527.1895891997797,,,,121.0,40.0,0.021579005391200667
Zaar L.,1492.5362131503693,1485.0066584138458,1492.5362131503693,1485.0724263007387,,,,335.0,103.0,
Zacarias M.,1476.9534725775206,1475.5548196321492,1483.9229730289103,1467.8459460578206,,,,212.0,1469.0,
Zakharova A.,1512.6584447513894,1488.7477528271484,1508.780787542953,1518.808020752921,,,,101.0,29.0,0.04598500491778457
Zanevska M.,1447.7126880536757,1449.578117097266,1423.7517216441074,1418.6501428028835,,,,112.0,1096.0,-0.3126005599596319
Zantedeschi A.,1492.1830063862212,1484.4737522993667,1492.1830063862212,1484.3660127724424,,,,603.0,1140.0,
Zarazua R.,1507.3548936548361,1470.0342638603256,1473.257444311917,1503.129080313936,,,,83.0,24.0,0.04580096346145318
Zavatska K.,1455.816056512331,1445.7626714909084,1468.3135339345783,1436.6270678691567,,,,174.0,769.0,-0.088827908793715
Zhang R.,1489.7250735012376,1495.030780130458,1495.030780130458,1490.061560260916,,,,836.0,340.0,
Zhang S.,1552.3841057277984,1466.553903886931,1499.4637759124394,1535.4893079970857,,,,54.0,14.0,-0.07456944217176009
Zhao C.,1448.324780700138,1462.782979069208,1461.6104412511688,1441.2575908023725,,,,620.0,27.0,0.023908695151641457
Zheng Q.,1717.5351897974265,1694.9355860420937,1565.1375668457301,1690.4207277380863,,,,123.0,33.0,-0.2918732133895766
Zheng S.,1418.1736673743617,1447.7979860585963,1456.4277462388843,1412.8554924777686,,,,681.0,593.0,-0.33102839327690753
Zheng W.,1481.334904297534,1490.7692238816435,1490.7692238816435,1481.5384477632867,,,,309.0,305.0,
Zhu C.,1484.0,1492.0,1492.0,1484.0,,,,596.0,306.0,
Zhu L.,1547.4007604584212,1469.3680096978087,1515.7676546463665,1542.846594599805,,,,219.0,317.0,-0.09060727689056652
Zidansek T.,1472.9822995493237,1509.5663207626649,1484.0993607361859,1498.0337591979783,,,,148.0,43.0,0.07894571572156589
Zucchini A.,1491.9200347924057,1483.9200347924057,1491.9200347924057,1483.8400695848115,,,,620.0,480.0,
Zueger J.,1465.8333570600232,1482.677132209617,1482.677132209617,1465.3542644192341,,,,180.0,1308.0,
Zuger J.,1500.8841449234885,1502.1582139841053,1500.8841449234885,1501.768289846977,,,,165.0,1502.0,
Zvonareva V.,1456.158102438315,1458.2857588386053,1467.1979499935537,1448.9919336774417,,,,326.0,104.0,0.008960602860510258
Xinyu W.,1500.0,1500.0,1500.0,1500.0,0,0,0,,,
Xiyu W.,1500.0,1500.0,1500.0,1500.0,0,0,0,,,
Frodin T.,1500.0,1500.0,1500.0,1500.0,0,0,0,,,
