event,tour,round,winner,loser,n_books,cross_book_std,cross_book_range,max_over_avg_pct
US Open,ATP,1st Round,Rinderknech A.,Shimabukuro S.,2,0.00366300366300365,0.0073260073260073,2.3809523809523725
US Open,ATP,1st Round,Etcheverry T.,Kopriva V.,2,0.005120420376587387,0.010240840753174774,1.9736842105263275
US Open,ATP,1st Round,Shapovalov D.,Kecmanovic M.,2,0.009799181252619027,0.019598362505238054,1.764705882352935
US Open,ATP,1st Round,Faria J.,Brooksby J.,2,0.002506265664160373,0.005012531328320746,2.010050251256268
US Open,ATP,1st Round,Medvedev D.,Gaston H.,2,0.010380361297041285,0.02076072259408257,0.8928571428571175
US Open,ATP,1st Round,Van Assche L.,Norrie C.,2,0.0059134326612839405,0.011826865322567881,3.571428571428581
US Open,ATP,1st Round,Paul T.,Wong C.,2,0.008564641657780425,0.01712928331556085,1.7391304347826209
US Open,ATP,1st Round,Samuel T.,Machac T.,2,0.015421251636046407,0.030842503272092814,6.329113924050622
US Open,ATP,1st Round,Harris L.,Kennedy J.,2,0.012979051885935733,0.025958103771871466,0.0
US Open,ATP,1st Round,Prizmic D.,Shevchenko A.,2,0.004792910110327342,0.009585820220654684,0.7407407407407307
US Open,ATP,1st Round,Lehecka J.,Carreno Busta P.,2,0.003637141634574237,0.007274283269148474,1.6666666666666607
US Open,ATP,1st Round,Merida Aguilar D.,Fucsovics M.,2,0.00810675979047143,0.01621351958094286,0.8264462809917328
US Open,ATP,1st Round,Wu Y.,Walton A.,2,0.009799181252618971,0.019598362505237943,0.9569377990430672
US Open,ATP,1st Round,Majchrzak K.,Medjedovic H.,2,0.0001627784325087811,0.0003255568650175622,1.1560693641618602
US Open,ATP,1st Round,Munar J.,Atmane T.,2,0.008430953892319237,0.016861907784638475,4.417670682730912
US Open,ATP,1st Round,Sakamoto R.,Vukic A.,2,0.007653061224489777,0.015306122448979553,3.0864197530864113
US Open,ATP,1st Round,Nakashima B.,Baez S.,2,0.01548424748439814,0.03096849496879628,0.8849557522123908
US Open,ATP,1st Round,Berrettini M.,Wawrinka S.,2,0.000534909909909953,0.001069819819819906,0.8064516129032251
US Open,ATP,1st Round,Tabilo A.,Hanfmann Y.,2,0.005551534265698099,0.011103068531396199,3.488372093023262
US Open,ATP,1st Round,Halys Q.,Diaz Acosta F.,2,0.011497553841954944,0.022995107683909888,1.526717557251911
US Open,ATP,1st Round,Trungelliti M.,Shang J.,2,0.0008895638967237607,0.0017791277934475214,2.230483271375472
US Open,ATP,1st Round,Khachanov K.,Burruchaga R.,2,0.00366300366300365,0.0073260073260073,0.8000000000000007
US Open,ATP,1st Round,Tien L.,Borges N.,2,0.015673786784730137,0.031347573569460274,1.3513513513513598
US Open,ATP,1st Round,Hurkacz H.,Dzumhur D.,2,0.0031731077775105088,0.0063462155550210175,5.555555555555536
US Open,ATP,1st Round,Blockx A.,Barrios M.,2,0.012059789505954377,0.024119579011908754,1.6949152542372836
US Open,ATP,1st Round,Svrcina D.,Royer V.,2,0.014414176143877272,0.028828352287754544,2.0408163265306145
US Open,ATP,1st Round,Darderi L.,Wendelken H.,2,0.0017533003300330141,0.0035066006600660282,0.7751937984496138
US Open,ATP,1st Round,Fearnley J.,Landaluce M.,2,0.005012531328320746,0.010025062656641492,2.499999999999991
US Open,ATP,1st Round,Navone M.,Djokovic N.,2,0.00308954873736951,0.00617909747473902,11.111111111111093
US Open,ATP,1st Round,Bublik A.,Wolf J.J.,2,0.010981665393430096,0.02196333078686019,1.4285714285714235
US Open,ATP,1st Round,Rublev A.,Virtanen O.,2,0.003089548737369552,0.006179097474739104,1.7391304347826209
US Open,ATP,1st Round,Tsitsipas S.,Fils A.,2,0.014867814804566212,0.029735629609132425,3.0927835051546504
US Open,ATP,1st Round,Mannarino A.,Tirante T.A.,2,0.014735455238887751,0.029470910477775503,5.519480519480524
US Open,ATP,1st Round,Vacherot V.,Kovacevic A.,2,0.004363924887595849,0.008727849775191698,2.2346368715083775
US Open,ATP,1st Round,Gorzny S.,Collignon R.,2,0.010897313005135842,0.021794626010271684,10.921501706484626
US Open,ATP,1st Round,Rodionov J.,Mpetshi G.,2,0.007518796992481203,0.015037593984962405,2.77777777777779
US Open,ATP,1st Round,Alcaraz C.,Safiullin R.,2,0.005973672999712021,0.011947345999424042,1.6949152542372836
US Open,ATP,1st Round,Duckworth J.,Arnaldi M.,2,0.009898072702125726,0.019796145404251453,2.564102564102577
US Open,ATP,1st Round,Michelsen A.,Cina F.,2,0.0023919206236711066,0.004783841247342213,3.4482758620689724
US Open,ATP,1st Round,Musetti L.,Fery A.,2,0.003916040100250651,0.007832080200501301,1.5748031496062964
US Open,ATP,1st Round,Cerundolo F.,Misolic F.,2,0.011201147791853494,0.022402295583706988,0.952380952380949
US Open,ATP,1st Round,Gea A.,Cerundolo J.M.,2,0.0001627784325087811,0.0003255568650175622,5.1724137931034475
US Open,ATP,1st Round,Struff J.L.,Ugo Carabelli C.,2,0.0021544509119968414,0.004308901823993683,0.694444444444442
US Open,ATP,1st Round,Bellucci M.,Piros Z.,2,0.00366615126847214,0.00733230253694428,4.166666666666674
US Open,ATP,1st Round,Sweeny D.,Moutet C.,2,0.007928118393234651,0.015856236786469302,12.17948717948718
US Open,ATP,1st Round,Schoolkate T.,Basavareddy N.,2,0.0030637254901960953,0.006127450980392191,7.14285714285714
US Open,ATP,1st Round,Fritz T.,Blanch Dar.,2,0.004707752311586155,0.00941550462317231,0.9803921568627416
US Open,ATP,1st Round,Tiafoe F.,Damm M.,2,0.011539086624410888,0.023078173248821776,2.4193548387096753
US Open,ATP,1st Round,Mensik J.,Mochizuki S.,2,0.005640133824993455,0.011280267649986908,0.917431192660545
US Open,ATP,1st Round,Shelton B.,Griekspoor T.,2,0.002186948853615589,0.004373897707231178,0.8928571428571175
US Open,ATP,1st Round,Popyrin A.,Dimitrov G.,2,0.00808208121883533,0.01616416243767066,3.4482758620689724
US Open,ATP,1st Round,Auger-Aliassime F.,Hijikata R.,2,0.005640133824993455,0.011280267649986908,0.917431192660545
US Open,ATP,1st Round,Cobolli F.,Comesana F.,2,0.00810675979047143,0.01621351958094286,2.521008403361358
US Open,ATP,2nd Round,Medvedev D.,Gorzny S.,2,0.004035791707024561,0.008071583414049122,0.9708737864077666
US Open,ATP,2nd Round,Merida Aguilar D.,Rublev A.,2,0.024550872476630597,0.049101744953261195,4.8034934497816595
US Open,ATP,2nd Round,Shelton B.,Hurkacz H.,2,0.0014822134387352248,0.0029644268774704496,0.7194244604316502
US Open,ATP,2nd Round,Etcheverry T.,Fearnley J.,2,0.006006176340833225,0.01201235268166645,4.2424242424242475
US Open,ATP,2nd Round,Lehecka J.,Samuel T.,2,0.006996017651490716,0.013992035302981431,0.7407407407407307
US Open,ATP,2nd Round,Tsitsipas S.,Harris L.,2,0.0014822134387352248,0.0029644268774704496,0.7194244604316502
US Open,ATP,2nd Round,Wu Y.,Duckworth J.,2,0.0032315613710962587,0.0064631227421925175,0.6024096385542244
US Open,ATP,2nd Round,Navone M.,Berrettini M.,2,0.0017006802721088454,0.003401360544217691,5.3097345132743445
US Open,ATP,2nd Round,Michelsen A.,Nakashima B.,2,0.011749989532303329,0.023499979064606658,6.382978723404253
US Open,ATP,2nd Round,Shapovalov D.,Van Assche L.,2,0.0006844201095071445,0.001368840219014289,0.0
US Open,ATP,2nd Round,Rinderknech A.,Munar J.,2,0.0007850535540409043,0.0015701071080818085,1.2658227848101333
US Open,ATP,1st Round,Bergs Z.,Taberner C.,2,0.0027273223149512082,0.0054546446299024165,0.9615384615384581
US Open,ATP,1st Round,De Jong J.,Passaro F.,2,0.015774853894958307,0.031549707789916615,2.366863905325456
US Open,ATP,1st Round,Zverev A.,Sonego L.,2,0.010567219400277938,0.021134438800555877,0.0
US Open,ATP,1st Round,Van De Zandschulp B.,Choinski J.,2,0.00832097544900312,0.01664195089800624,1.6000000000000014
US Open,ATP,1st Round,Bonzi B.,Molcan A.,2,0.008319805194805185,0.01663961038961037,2.1126760563380254
US Open,ATP,1st Round,Svajda Z.,Altmaier D.,2,0.006149561273784909,0.012299122547569818,1.2499999999999956
US Open,ATP,1st Round,Monfils G.,Vallejo D.,2,0.004534755801161527,0.009069511602323055,4.166666666666652
US Open,ATP,1st Round,Bu Y.,Jodar R.,2,0.005714310173612305,0.01142862034722461,7.015457788347201
US Open,ATP,1st Round,De Minaur A.,Guerrieri A.,2,0.005970214059311418,0.011940428118622837,0.0
US Open,ATP,1st Round,Zheng M.,Marozsan F.,2,0.001748914572249738,0.003497829144499476,0.6369426751592355
US Open,ATP,1st Round,Buse I.,Giron M.,2,0.0008924505964848506,0.0017849011929697012,2.564102564102577
US Open,ATP,2nd Round,Sweeny D.,Musetti L.,2,0.01802101947481601,0.03604203894963202,37.362637362637365
US Open,ATP,2nd Round,Gea A.,Svajda Z.,2,0.004977960176318574,0.009955920352637149,5.1401869158878455
US Open,ATP,2nd Round,Bergs Z.,De Jong J.,2,0.007056647848939057,0.014113295697878114,1.449275362318847
US Open,ATP,2nd Round,Van De Zandschulp B.,De Minaur A.,2,0.009524005008312991,0.019048010016625982,4.790419161676662
US Open,ATP,2nd Round,Bonzi B.,Buse I.,2,0.006168788554928444,0.01233757710985689,3.015075376884413
US Open,ATP,2nd Round,Blockx A.,Trungelliti M.,2,0.0058975740359813456,0.011795148071962691,1.7391304347826209
US Open,ATP,2nd Round,Cobolli F.,Schoolkate T.,2,0.01170487568614792,0.02340975137229584,1.680672268907557
US Open,ATP,2nd Round,Tabilo A.,Popyrin A.,2,0.0044534763057765825,0.008906952611553165,2.5316455696202445
US Open,ATP,2nd Round,Mensik J.,Rodionov J.,2,6.603318828052318e-05,0.00013206637656104636,0.8928571428571175
US Open,ATP,2nd Round,Khachanov K.,Auger-Aliassime F.,2,0.006204614394705432,0.012409228789410864,6.707317073170738
US Open,ATP,2nd Round,Darderi L.,Svrcina D.,2,0.006322093343848757,0.012644186687697512,4.216867469879526
US Open,ATP,2nd Round,Cerundolo F.,Struff J.L.,2,0.003290532131257018,0.006581064262514036,1.2820512820512775
US Open,ATP,2nd Round,Alcaraz C.,Faria J.,2,0.006636030326658604,0.013272060653317208,0.0
US Open,ATP,2nd Round,Paul T.,Prizmic D.,2,0.001255332053971825,0.00251066410794365,2.5423728813559254
US Open,ATP,2nd Round,Bublik A.,Mannarino A.,2,0.0008658008658008476,0.0017316017316016952,2.3622047244094446
US Open,ATP,2nd Round,Vacherot V.,Majchrzak K.,2,0.004824752739561067,0.009649505479122134,1.1560693641618602
US Open,ATP,2nd Round,Tiafoe F.,Sakamoto R.,2,0.00832097544900312,0.01664195089800624,0.8064516129032251
US Open,ATP,2nd Round,Fritz T.,Bellucci M.,2,0.007712963491972924,0.015425926983945848,1.8018018018017834
US Open,ATP,3rd Round,Tsitsipas S.,Lehecka J.,2,0.0027674792001167736,0.005534958400233547,3.2653061224489743
US Open,ATP,3rd Round,Michelsen A.,Merida Aguilar D.,2,0.008430953892319237,0.016861907784638475,1.3157894736842035
US Open,ATP,3rd Round,Etcheverry T.,Navone M.,2,0.006322093343848757,0.012644186687697512,4.093567251461994
US Open,ATP,3rd Round,Alcaraz C.,Wu Y.,2,0.0038041053783021694,0.007608210756604339,0.0
US Open,ATP,2nd Round,Zverev A.,Halys Q.,2,0.020625982189628134,0.04125196437925627,0.8771929824561431
US Open,ATP,3rd Round,Medvedev D.,Rinderknech A.,2,0.0013643238969387461,0.0027286477938774922,1.5151515151515138
US Open,ATP,2nd Round,Zheng M.,Bu Y.,2,0.004380293339857233,0.008760586679714466,1.324503311258285
US Open,ATP,2nd Round,Tien L.,Monfils G.,2,0.009099328548274999,0.018198657096549997,0.8547008547008517
US Open,ATP,3rd Round,Paul T.,Bublik A.,2,0.006842619745845602,0.013685239491691203,1.9607843137254832
US Open,ATP,3rd Round,Tiafoe F.,Vacherot V.,2,0.0005365078116661426,0.0010730156233322852,2.0000000000000018
US Open,ATP,3rd Round,Shelton B.,Shapovalov D.,2,0.006604124785943022,0.013208249571886044,1.6393442622950838
US Open,ATP,3rd Round,Cerundolo F.,Fritz T.,2,0.004068079347218839,0.008136158694437678,8.877721943048588
US Open,ATP,3rd Round,Blockx A.,Cobolli F.,2,0.005012531328320802,0.010025062656641603,1.522842639593902
US Open,ATP,3rd Round,Khachanov K.,Bonzi B.,2,0.003918495297805691,0.007836990595611382,2.1126760563380254
US Open,ATP,3rd Round,Darderi L.,Sweeny D.,2,0.003916040100250651,0.007832080200501301,2.3809523809523725
US Open,ATP,3rd Round,Gea A.,Zheng M.,2,0.006322093343848811,0.012644186687697623,3.139013452914785
US Open,ATP,3rd Round,Van De Zandschulp B.,Bergs Z.,2,0.002981376298341276,0.005962752596682552,0.6711409395973256
US Open,ATP,4th Round,Tiafoe F.,Medvedev D.,2,0.010054931932171024,0.020109863864342048,4.166666666666674
US Open,ATP,4th Round,Michelsen A.,Etcheverry T.,2,0.0010293148880105019,0.0020586297760210037,1.5151515151515138
US Open,ATP,4th Round,Alcaraz C.,Paul T.,2,0.011082453453695518,0.022164906907391035,1.680672268907557
US Open,ATP,3rd Round,Tien L.,Mensik J.,2,0.010860848980953353,0.021721697961906705,1.764705882352935
US Open,ATP,3rd Round,Zverev A.,Tabilo A.,2,0.001255332053971825,0.00251066410794365,2.564102564102577
US Open,ATP,4th Round,Shelton B.,Tsitsipas S.,2,0.004137782906429299,0.008275565812858598,0.7518796992481258
US Open,ATP,4th Round,Blockx A.,Cerundolo F.,2,0.008790926442519498,0.017581852885038995,2.515723270440229
US Open,ATP,4th Round,Van De Zandschulp B.,Gea A.,2,0.001748914572249738,0.003497829144499476,2.515723270440229
US Open,ATP,4th Round,Khachanov K.,Tien L.,2,0.0027674792001167736,0.005534958400233547,1.6260162601626105
US Open,ATP,4th Round,Zverev A.,Darderi L.,2,0.001085976269057709,0.002171952538115418,2.752293577981657
US Open,ATP,Quarterfinals,Tiafoe F.,Michelsen A.,2,0.0044534763057765825,0.008906952611553165,2.4844720496894235
US Open,ATP,Quarterfinals,Shelton B.,Alcaraz C.,2,0.0008658008658008615,0.001731601731601723,4.712041884816753
US Open,ATP,Quarterfinals,Khachanov K.,Blockx A.,2,0.0027674792001167736,0.005534958400233547,1.9736842105263275
US Open,ATP,Quarterfinals,Zverev A.,Van De Zandschulp B.,2,0.009171965534575777,0.018343931069151553,0.8928571428571175
US Open,ATP,Semifinals,Zverev A.,Khachanov K.,2,0.014489348370927302,0.028978696741854604,1.6666666666666607
US Open,ATP,Semifinals,Shelton B.,Tiafoe F.,2,0.0006325341246800065,0.001265068249360013,4.477611940298498
US Open,ATP,The Final,Zverev A.,Shelton B.,2,0.0004568578060947792,0.0009137156121895584,1.7964071856287456
US Open,WTA,1st Round,Vekic D.,Gibson T.,2,0.002506265664160373,0.005012531328320746,1.5151515151515138
US Open,WTA,1st Round,Boulter K.,Lee C.Y.,2,0.006322093343848757,0.012644186687697512,0.6024096385542244
US Open,WTA,1st Round,Alexandrova E.,Kessler M.,2,0.013583097146360856,0.027166194292721713,3.0864197530864113
US Open,WTA,1st Round,Pliskova Ka.,Vandewinkel H.,2,0.003768844221105516,0.007537688442211032,3.1746031746031855
US Open,WTA,1st Round,Wang Xin.,Arango E.,2,0.004137782906429299,0.008275565812858598,1.526717557251911
US Open,WTA,1st Round,Stefanini L.,Yastremska D.,2,0.006651436031331586,0.013302872062663174,0.9615384615384581
US Open,WTA,1st Round,Kostyuk M.,Hunter S.,2,0.012448069693986541,0.024896139387973082,1.85185185185186
US Open,WTA,1st Round,Preston T.,Parks A.,2,0.001851362073525542,0.003702724147051084,13.402061855670123
US Open,WTA,1st Round,Fernandez L.A.,Zhang S.,2,0.0007394991126011274,0.0014789982252022549,0.7194244604316502
US Open,WTA,1st Round,Pegula J.,Ruse E.G.,2,0.008049525940418634,0.016099051880837267,0.9345794392523477
US Open,WTA,1st Round,Paolini J.,Erjavec V.,2,0.006378315138102886,0.012756630276205772,0.0
US Open,WTA,1st Round,Rakhimova K.,Krejcikova B.,2,0.0008251388509514235,0.001650277701902847,5.042016806722693
US Open,WTA,1st Round,Iatcenko P.,Zarazua R.,2,0.0008485639686684199,0.0016971279373368398,1.9323671497584627
US Open,WTA,1st Round,Tararudee L.,Kalieva E.,2,0.000889563896723844,0.001779127793447688,1.3986013986013957
US Open,WTA,1st Round,Townsend T.,Chwalinska M.,2,0.0066591374019774885,0.013318274803954977,1.3986013986013957
US Open,WTA,1st Round,Anisimova A.,Krueger A.,2,0.008564641657780425,0.01712928331556085,1.7543859649122862
US Open,WTA,1st Round,Parry D.,Golubic V.,2,0.0144141761438773,0.0288283522877546,4.9450549450549275
US Open,WTA,1st Round,Shnaider D.,Snigur D.,2,0.00010799252691717776,0.0002159850538343555,2.127659574468077
US Open,WTA,1st Round,McNally C.,Koevermans A.,2,0.004649679836331244,0.009299359672662488,2.564102564102577
US Open,WTA,1st Round,Stephens S.,Tauson C.,2,0.006313131313131298,0.012626262626262597,5.863192182410426
US Open,WTA,1st Round,Cirstea S.,Grabher J.,2,0.012448069693986541,0.024896139387973082,0.9345794392523477
US Open,WTA,1st Round,Joint M.,Samsonova L.,2,0.0006325341246800065,0.001265068249360013,6.583072100313481
US Open,WTA,1st Round,Li A.,Ruzic A.,2,0.014344577942082548,0.028689155884165096,2.3076923076922995
US Open,WTA,1st Round,Siniakova K.,Cocciaretto E.,2,0.004722691762985953,0.009445383525971907,3.289473684210531
US Open,WTA,1st Round,Birrell K.,Marcinko P.,2,7.850462293418876e-17,1.1102230246251565e-16,1.104972375690605
US Open,WTA,1st Round,Noskova L.,Volynets K.,2,0.009524005008313019,0.019048010016626038,1.526717557251911
US Open,WTA,1st Round,Kalinskaya A.,Blinkova A.,2,0.008265615041427643,0.016531230082855286,0.7751937984496138
US Open,WTA,1st Round,Podoroska N.,Waltert S.,2,0.0041787081152855066,0.008357416230571013,1.9379844961240345
US Open,WTA,1st Round,Selekhmeteva O.,Ito A.,2,0.006842619745845602,0.013685239491691203,3.8961038961039085
US Open,WTA,1st Round,Timofeeva M.,Zidansek T.,2,0.011914805035443121,0.023829610070886242,1.3513513513513598
US Open,WTA,1st Round,Svitolina E.,Sierra S.,2,0.006636030326658604,0.013272060653317208,0.9433962264151052
US Open,WTA,1st Round,Kenin S.,Williams V.,2,0.009171965534575777,0.018343931069151553,1.8018018018017834
US Open,WTA,1st Round,Bucsa C.,Bejlek S.,2,0.013342921061041846,0.02668584212208369,3.0927835051546504
US Open,WTA,1st Round,Muchova K.,Kraus S.,2,0.006664515020307904,0.013329030040615808,0.917431192660545
US Open,WTA,1st Round,Sawangkaew M.,Udvardy P.,2,0.015514376124023954,0.03102875224804791,3.289473684210531
US Open,WTA,1st Round,Sakatsume H.,Kalinina A.,2,0.002765004402737775,0.00553000880547555,2.941176470588247
US Open,WTA,1st Round,Dart H.,Stearns P.,2,0.0010135633200648864,0.0020271266401297727,3.2258064516129004
US Open,WTA,1st Round,Zheng Q.,Liutova K.,2,0.00842684860998899,0.01685369721997798,1.2903225806451646
US Open,WTA,1st Round,Bouzkova M.,Jacquemot E.,2,0.009921816089216995,0.01984363217843399,0.917431192660545
US Open,WTA,1st Round,Sabalenka A.,Osorio M.,2,0.00382537459245047,0.00765074918490094,0.9708737864077666
US Open,WTA,1st Round,Navarro E.,Boisson L.,2,0.01135651629072676,0.02271303258145352,0.0
US Open,WTA,1st Round,Tagger L.,Korpatsch T.,2,0.00014208315768110547,0.00028416631536221093,0.8196721311475308
US Open,WTA,1st Round,Andreeva M.,Tjen J.,2,0.009171965534575777,0.018343931069151553,1.8018018018017834
US Open,WTA,1st Round,Jeanjean L.,Rus A.,2,0.0021228672785629787,0.0042457345571259575,2.0000000000000018
US Open,WTA,1st Round,Bouzas Maneiro J.,Vidmanova D.,2,0.0006265664160400863,0.0012531328320801727,2.1390374331550666
US Open,WTA,1st Round,Potapova A.,Semenistaja D.,2,0.004205211923332786,0.008410423846665571,0.8264462809917328
US Open,WTA,1st Round,Oliynykova O.,Brantmeier R.,2,0.0006265664160400863,0.0012531328320801727,1.0582010582010692
US Open,WTA,1st Round,Mertens E.,Quevedo K.,2,0.003089548737369552,0.006179097474739104,2.60869565217392
US Open,WTA,1st Round,Putintseva Y.,Bencic B.,2,0.0008317978680768418,0.0016635957361536835,9.649122807017552
US Open,WTA,1st Round,Bondar A.,Havlickova L.,2,0.0042234373583879825,0.008446874716775965,1.2820512820512775
US Open,WTA,1st Round,Starodubtseva Y.,Seidel E.,2,0.0010293148880105019,0.0020586297760210037,9.022556390977442
US Open,WTA,1st Round,Lys E.,Knutson G.,2,0.0044534763057765825,0.008906952611553165,4.294478527607359
US Open,WTA,1st Round,Rybakina E.,Frodin T.,2,0.001536041682027034,0.003072083364054068,1.9230769230769162
US Open,WTA,1st Round,Keys M.,Korneeva A.,2,0.011295845246920178,0.022591690493840355,1.4925373134328401
US Open,WTA,1st Round,Osaka N.,Zakharova A.,2,0.008049525940418634,0.016099051880837267,1.85185185185186
US Open,WTA,1st Round,Swiatek I.,Wang Xiy.,2,0.011201147791853494,0.022402295583706988,0.952380952380949
US Open,WTA,1st Round,Sakkari M.,Montgomery R.,2,0.005149317930441155,0.01029863586088231,0.6289308176100628
US Open,WTA,2nd Round,Townsend T.,Preston T.,2,0.01807042035055073,0.03614084070110146,1.6260162601626105
US Open,WTA,2nd Round,Alexandrova E.,Birrell K.,2,0.006371562709590883,0.012743125419181767,2.4590163934426146
US Open,WTA,2nd Round,Kalinskaya A.,Wang Xin.,2,0.0014088149253569937,0.0028176298507139874,0.694444444444442
US Open,WTA,2nd Round,Muchova K.,Boulter K.,2,0.009171965534575777,0.018343931069151553,0.8928571428571175
US Open,WTA,2nd Round,Rakhimova K.,Selekhmeteva O.,2,0.008430953892319237,0.016861907784638475,1.324503311258285
US Open,WTA,2nd Round,Kostyuk M.,Stephens S.,2,0.009833403118774842,0.019666806237549683,1.8018018018017834
US Open,WTA,2nd Round,Navarro E.,McNally C.,2,0.0030071574243664134,0.006014314848732827,1.744186046511631
US Open,WTA,2nd Round,Pegula J.,Kenin S.,2,0.012419438641373348,0.024838877282746696,0.0
US Open,WTA,2nd Round,Paolini J.,Stefanini L.,2,0.0017406007559180314,0.003481201511836063,1.4285714285714235
US Open,WTA,1st Round,Jovic I.,Frech M.,2,0.00690410175160644,0.01380820350321288,0.0
US Open,WTA,2nd Round,Fernandez L.A.,Sawangkaew M.,2,0.0013009217960154307,0.0026018435920308614,3.703703703703698
US Open,WTA,2nd Round,Cirstea S.,Parry D.,2,0.0002758468498290645,0.000551693699658129,0.7407407407407307
US Open,WTA,1st Round,Eala A.,Stoiana M.,2,0.018306636155606404,0.03661327231121281,1.6666666666666607
US Open,WTA,1st Round,Badosa P.,Kasatkina D.,2,0.0018513620735254865,0.003702724147050973,1.1235955056179803
US Open,WTA,1st Round,Bartunkova N.,Sherif M.,2,0.009099328548274999,0.018198657096549997,0.0
US Open,WTA,1st Round,Gauff C.,Sonmez Z.,2,0.010182817088187857,0.020365634176375713,0.9708737864077666
US Open,WTA,1st Round,Maria T.,Ostapenko J.,2,0.0041516606642656995,0.008303321328531399,2.678571428571419
US Open,WTA,2nd Round,Shnaider D.,Pliskova Ka.,2,0.0027661464281182324,0.005532292856236465,0.8064516129032251
US Open,WTA,1st Round,Jones F.,Linette M.,2,0.007518796992481203,0.015037593984962405,3.0927835051546504
US Open,WTA,2nd Round,Starodubtseva Y.,Sakkari M.,2,0.013436627976416676,0.026873255952833353,3.053435114503822
US Open,WTA,2nd Round,Andreeva M.,Lys E.,2,0.017836529886283703,0.035673059772567406,1.869158878504673
US Open,WTA,2nd Round,Zheng Q.,Putintseva Y.,2,0.004663263302572218,0.009326526605144436,2.158273381294973
US Open,WTA,2nd Round,Bucsa C.,Sakatsume H.,2,0.003847946435676153,0.007695892871352306,0.0
US Open,WTA,2nd Round,Eala A.,Oliynykova O.,2,0.006017335334604412,0.012034670669208825,0.0
US Open,WTA,2nd Round,Bartunkova N.,Maria T.,2,0.007056647848939057,0.014113295697878114,0.7194244604316502
US Open,WTA,2nd Round,Bouzkova M.,Dart H.,2,0.01486781480456617,0.02973562960913234,0.8620689655172376
US Open,WTA,2nd Round,Anisimova A.,Tagger L.,2,0.012059789505954377,0.024119579011908754,0.8547008547008517
US Open,WTA,2nd Round,Keys M.,Bondar A.,2,0.002683843263553476,0.005367686527106952,1.8018018018017834
US Open,WTA,2nd Round,Potapova A.,Jeanjean L.,2,0.001322751322751281,0.002645502645502562,0.8064516129032251
US Open,WTA,2nd Round,Mertens E.,Timofeeva M.,2,0.007038288288288286,0.014076576576576572,0.0
US Open,WTA,2nd Round,Noskova L.,Tararudee L.,2,0.016423216631888116,0.03284643326377623,0.8403361344537785
US Open,WTA,2nd Round,Svitolina E.,Joint M.,2,0.009833403118774842,0.019666806237549683,0.917431192660545
US Open,WTA,2nd Round,Li A.,Vekic D.,2,0.004954272908969715,0.00990854581793943,2.564102564102577
US Open,WTA,2nd Round,Sabalenka A.,Iatcenko P.,2,0.012157983351109125,0.02431596670221825,0.9803921568627416
US Open,WTA,2nd Round,Osaka N.,Siniakova K.,2,0.016398612425102488,0.032797224850204976,1.6260162601626105
US Open,WTA,3rd Round,Noskova L.,Li A.,2,0.007554071246819283,0.015108142493638566,1.5625
US Open,WTA,3rd Round,Navarro E.,Muchova K.,2,0.014264497779272273,0.028528995558544545,7.398568019093066
US Open,WTA,3rd Round,Townsend T.,Shnaider D.,2,0.0013965440190674694,0.0027930880381349388,3.418803418803429
US Open,WTA,3rd Round,Pegula J.,Fernandez L.A.,2,0.012979051885935733,0.025958103771871466,1.7391304347826209
US Open,WTA,3rd Round,Kostyuk M.,Alexandrova E.,2,0.00690410175160644,0.01380820350321288,2.3622047244094446
US Open,WTA,3rd Round,Sabalenka A.,Rakhimova K.,2,0.016714244781441234,0.03342848956288247,0.9615384615384581
US Open,WTA,2nd Round,Rybakina E.,Bouzas Maneiro J.,2,0.003089548737369552,0.006179097474739104,1.724137931034475
US Open,WTA,2nd Round,Gauff C.,Badosa P.,2,0.0039530614565677635,0.007906122913135527,0.0
US Open,WTA,2nd Round,Jovic I.,Jones F.,2,0.014025245441795287,0.028050490883590573,0.8849557522123908
US Open,WTA,3rd Round,Cirstea S.,Paolini J.,2,0.011378516547579876,0.02275703309515975,3.1847133757961776
US Open,WTA,3rd Round,Kalinskaya A.,Svitolina E.,2,0.007519559128351755,0.01503911825670351,6.707317073170738
US Open,WTA,3rd Round,Zheng Q.,Keys M.,2,0.003444999540258037,0.006889999080516074,1.6949152542372836
US Open,WTA,3rd Round,Potapova A.,Anisimova A.,2,0.00308954873736951,0.00617909747473902,5.566218809980805
US Open,WTA,3rd Round,Andreeva M.,Bartunkova N.,2,0.006604124785943022,0.013208249571886044,1.6528925619834656
US Open,WTA,3rd Round,Swiatek I.,Bouzkova M.,2,0.008564641657780425,0.01712928331556085,1.7543859649122862
US Open,WTA,3rd Round,Gauff C.,Bucsa C.,2,0.0068491785257605575,0.013698357051521115,0.9615384615384581
US Open,WTA,4th Round,Noskova L.,Kostyuk M.,2,0.0032315613710962587,0.0064631227421925175,2.7397260273972712
US Open,WTA,3rd Round,Rybakina E.,Starodubtseva Y.,2,0.0024125335945303084,0.004825067189060617,0.917431192660545
US Open,WTA,4th Round,Sabalenka A.,Townsend T.,2,0.010892598747751114,0.02178519749550223,2.564102564102577
US Open,WTA,3rd Round,Osaka N.,Mertens E.,2,0.01951987744877748,0.03903975489755496,2.3076923076922995
US Open,WTA,3rd Round,Jovic I.,Eala A.,2,0.004342105263157869,0.008684210526315739,3.3898305084745894
US Open,WTA,4th Round,Pegula J.,Cirstea S.,2,0.003737930733854977,0.007475861467709954,0.7575757575757569
US Open,WTA,4th Round,Navarro E.,Kalinskaya A.,2,0.002506265664160401,0.005012531328320802,4.145077720207246
US Open,WTA,4th Round,Andreeva M.,Potapova A.,2,0.0040680793472189225,0.008136158694437845,0.8771929824561431
US Open,WTA,4th Round,Zheng Q.,Swiatek I.,2,0.004649679836331272,0.009299359672662544,9.409190371991238
US Open,WTA,4th Round,Rybakina E.,Osaka N.,2,0.00041573924834342746,0.0008314784966868549,2.976190476190488
US Open,WTA,4th Round,Gauff C.,Jovic I.,2,0.006322254335260014,0.012644508670520027,2.3076923076922995
US Open,WTA,Quarterfinals,Sabalenka A.,Noskova L.,2,0.0027650044027378584,0.005530008805475717,1.5151515151515138
US Open,WTA,Quarterfinals,Pegula J.,Navarro E.,2,0.006371562709590883,0.012743125419181767,0.8064516129032251
US Open,WTA,Quarterfinals,Rybakina E.,Zheng Q.,2,0.007554071246819283,0.015108142493638566,3.100775193798455
US Open,WTA,Quarterfinals,Gauff C.,Andreeva M.,2,0.014229013178374994,0.028458026356749988,2.7972027972027913
US Open,WTA,Semifinals,Rybakina E.,Gauff C.,2,7.850462293418876e-17,1.1102230246251565e-16,2.20994475138121
US Open,WTA,Semifinals,Sabalenka A.,Pegula J.,2,0.0026142292357503316,0.005228458471500663,3.3333333333333437
US Open,WTA,The Final,Rybakina E.,Sabalenka A.,2,0.0037048192771084454,0.007409638554216891,6.194690265486735
Canadian Open,ATP,1st Round,Munar J.,Hijikata R.,2,0.004455529142797732,0.008911058285595463,2.35294117647058
Canadian Open,ATP,1st Round,Shang J.,Vallejo D.,2,0.00552615587177796,0.01105231174355592,1.21212121212122
Canadian Open,ATP,1st Round,Navone M.,Berrettini M.,2,0.006659137401977516,0.013318274803955032,7.011070110701101
Canadian Open,ATP,1st Round,Kopriva V.,Galarneau A.,2,0.0,0.0,1.0101010101010166
Canadian Open,ATP,1st Round,Mejia N.,Landaluce M.,2,0.00866718027734975,0.0173343605546995,4.026845637583887
Canadian Open,ATP,1st Round,Droguet T.,Van Assche L.,2,0.001193159220469281,0.002386318440938562,7.537688442211055
Canadian Open,ATP,1st Round,Duckworth J.,O Connell C.,2,0.006715819134082618,0.013431638268165236,3.603603603603589
Canadian Open,ATP,1st Round,Hanfmann Y.,Bonzi B.,2,0.002506265664160401,0.005012531328320802,1.1235955056179803
Canadian Open,ATP,1st Round,Borges N.,Kovacevic A.,2,0.006087662337662281,0.012175324675324561,2.158273381294973
Canadian Open,ATP,1st Round,Diallo G.,Jacquet K.,2,0.0006612007405448206,0.0013224014810896412,2.2222222222222143
Canadian Open,ATP,1st Round,Cilic M.,Shimabukuro S.,2,0.0053072149258039936,0.010614429851607987,4.046242774566489
Canadian Open,ATP,1st Round,Kecmanovic M.,Zheng M.,2,0.008118323113116555,0.01623664622623311,2.3255813953488413
Canadian Open,ATP,1st Round,Altmaier D.,Vukic A.,2,0.022285432191635923,0.044570864383271847,12.393162393162394
Canadian Open,ATP,1st Round,Michelsen A.,Struff J.L.,2,0.012729370753514213,0.025458741507028426,3.100775193798455
Canadian Open,ATP,1st Round,Moutet C.,Fucsovics M.,2,0.0030568846358320356,0.006113769271664071,1.6666666666666607
Canadian Open,ATP,1st Round,Norrie C.,Ugo Carabelli C.,2,0.016351627701321036,0.03270325540264207,2.521008403361358
Canadian Open,ATP,1st Round,Monfils G.,Majchrzak K.,2,0.003786018336607744,0.007572036673215488,2.2727272727272707
Canadian Open,ATP,1st Round,Baez S.,Bellucci M.,2,0.0011931592204692532,0.0023863184409385063,1.6949152542372836
Canadian Open,ATP,1st Round,Tirante T.A.,Chan D.,2,0.0017533003300330141,0.0035066006600660282,2.2900763358778553
Canadian Open,ATP,1st Round,Tsitsipas S.,Damm M.,2,0.007338381860601095,0.01467676372120219,1.3513513513513598
Canadian Open,ATP,1st Round,Hurkacz H.,Giron M.,2,0.006842619745845602,0.013685239491691203,1.9736842105263275
Canadian Open,ATP,1st Round,Brooksby J.,Walton A.,2,0.007518796992481203,0.015037593984962405,4.571428571428582
Canadian Open,ATP,1st Round,Fearnley J.,Mannarino A.,2,0.005617342354404309,0.011234684708808618,2.614379084967333
Canadian Open,ATP,1st Round,Royer V.,Carreno Busta P.,2,0.004264499297611912,0.008528998595223825,7.14285714285714
Canadian Open,ATP,1st Round,Svajda Z.,Shapovalov D.,2,0.0041516606642656995,0.008303321328531399,3.139013452914785
Canadian Open,ATP,1st Round,Merida Aguilar D.,Draxl L.,2,0.009160717499550053,0.018321434999100106,3.124999999999978
Canadian Open,ATP,1st Round,Popyrin A.,Burruchaga R.,2,0.009160717499550053,0.018321434999100106,2.614379084967333
Canadian Open,ATP,1st Round,Cerundolo J.M.,Medjedovic H.,2,0.004954272908969798,0.009908545817939596,4.166666666666674
Canadian Open,ATP,1st Round,Atmane T.,Draper J.,2,0.002154450911996897,0.004308901823993794,2.564102564102555
Canadian Open,ATP,1st Round,Van De Zandschulp B.,Mpetshi G.,2,0.004935980462280942,0.009871960924561884,2.3391812865497075
Canadian Open,ATP,1st Round,Griekspoor T.,Sonego L.,2,0.0037641967230108153,0.007528393446021631,3.4482758620689724
Canadian Open,ATP,1st Round,Marozsan F.,Mochizuki S.,2,0.006842619745845602,0.013685239491691203,3.289473684210531
Canadian Open,ATP,2nd Round,Shang J.,Rublev A.,2,0.003663003663003664,0.007326007326007328,6.382978723404253
Canadian Open,ATP,2nd Round,Blockx A.,Munar J.,2,0.005688563828098736,0.011377127656197472,3.0864197530864113
Canadian Open,ATP,2nd Round,Lehecka J.,Kopriva V.,2,0.00810675979047143,0.01621351958094286,1.6666666666666607
Canadian Open,ATP,2nd Round,Nakashima B.,Altmaier D.,2,0.0008251388509515345,0.001650277701903069,0.78125
Canadian Open,ATP,2nd Round,Tiafoe F.,Cilic M.,2,0.004421978493470258,0.008843956986940515,2.1126760563380254
Canadian Open,ATP,2nd Round,De Minaur A.,Duckworth J.,2,0.007815397658029966,0.01563079531605993,0.9090909090909038
Canadian Open,ATP,2nd Round,Hanfmann Y.,Cobolli F.,2,0.003469636029594325,0.00693927205918865,5.726872246696035
Canadian Open,ATP,2nd Round,Darderi L.,Diallo G.,2,0.0027491579155934087,0.0054983158311868174,2.678571428571419
Canadian Open,ATP,2nd Round,Bergs Z.,Baez S.,2,0.005688563828098736,0.011377127656197472,4.216867469879526
Canadian Open,ATP,2nd Round,Borges N.,Etcheverry T.,2,0.001385098695649567,0.002770197391299134,2.614379084967333
Canadian Open,ATP,2nd Round,Musetti L.,Mejia N.,2,0.002683843263553476,0.005367686527106952,1.7857142857142572
Canadian Open,ATP,2nd Round,Fonseca J.,Tsitsipas S.,2,0.0006844201095071445,0.001368840219014289,3.0864197530864113
Canadian Open,ATP,2nd Round,Navone M.,Vacherot V.,2,0.005149317930441211,0.010298635860882421,4.347826086956519
Canadian Open,ATP,2nd Round,Rinderknech A.,Kecmanovic M.,2,0.0031737635546151555,0.006347527109230311,3.076923076923066
Canadian Open,ATP,2nd Round,Norrie C.,Buse I.,2,0.0014822134387352248,0.0029644268774704496,2.1739130434782705
Canadian Open,ATP,2nd Round,Shelton B.,Brooksby J.,2,0.008239024996890998,0.016478049993781996,1.526717557251911
Canadian Open,ATP,2nd Round,Ruud C.,Cerundolo J.M.,2,0.0075172775241174605,0.015034555048234921,1.4925373134328401
Canadian Open,ATP,2nd Round,Fils A.,Svajda Z.,2,0.008239024996890998,0.016478049993781996,1.526717557251911
Canadian Open,ATP,2nd Round,Tirante T.A.,Fritz T.,2,0.00308954873736951,0.00617909747473902,10.441767068273089
Canadian Open,ATP,2nd Round,Hurkacz H.,Tabilo A.,2,0.004977960176318574,0.009955920352637149,1.8292682926829285
Canadian Open,ATP,2nd Round,Griekspoor T.,Zverev A.,2,0.0039530614565677635,0.007906122913135527,7.913669064748219
Canadian Open,ATP,2nd Round,Jodar R.,Moutet C.,2,0.008265615041427643,0.016531230082855286,3.100775193798455
Canadian Open,ATP,2nd Round,Popyrin A.,Collignon R.,2,0.0016187925998052688,0.0032375851996105376,2.5423728813559254
Canadian Open,ATP,2nd Round,Michelsen A.,Cerundolo F.,2,0.0003219734495740201,0.0006439468991480402,4.374999999999996
Canadian Open,ATP,2nd Round,Arnaldi M.,Marozsan F.,2,0.009160806909143726,0.018321613818287452,2.2727272727272707
Canadian Open,ATP,2nd Round,Mensik J.,Fearnley J.,2,0.010243948923194302,0.020487897846388603,2.1897810218977964
Canadian Open,ATP,2nd Round,Atmane T.,Khachanov K.,2,0.003840703765685044,0.007681407531370088,2.3255813953488413
Canadian Open,ATP,2nd Round,Merida Aguilar D.,Humbert U.,2,0.0014822134387351693,0.0029644268774703386,4.452054794520555
Canadian Open,ATP,2nd Round,Van De Zandschulp B.,Medvedev D.,2,0.014619424219599941,0.029238848439199883,15.775401069518713
Canadian Open,ATP,2nd Round,Droguet T.,Faria J.,2,0.002322570819372538,0.004645141638745076,4.347826086956519
Canadian Open,ATP,2nd Round,Paul T.,Royer V.,2,0.005973672999712021,0.011947345999424042,2.564102564102577
Canadian Open,ATP,2nd Round,Tien L.,Monfils G.,2,0.0006325341246800065,0.001265068249360013,4.477611940298498
Canadian Open,ATP,3rd Round,Darderi L.,Shang J.,2,0.004342105263157897,0.008684210526315794,2.030456852791862
Canadian Open,ATP,3rd Round,Fils A.,Navone M.,2,0.009101417336444595,0.01820283467288919,0.78125
Canadian Open,ATP,3rd Round,Norrie C.,De Minaur A.,2,0.0026142292357503594,0.005228458471500719,3.1372549019607954
Canadian Open,ATP,3rd Round,Borges N.,Hanfmann Y.,2,6.100350770171792e-05,0.00012200701540343584,3.1847133757961776
Canadian Open,ATP,3rd Round,Lehecka J.,Blockx A.,2,0.0066591374019774885,0.013318274803954977,3.4482758620689724
Canadian Open,ATP,3rd Round,Jodar R.,Musetti L.,2,0.0001627784325087811,0.0003255568650175622,0.5813953488372103
Canadian Open,ATP,3rd Round,Nakashima B.,Droguet T.,2,0.01268245991864081,0.02536491983728162,0.8000000000000007
Canadian Open,ATP,3rd Round,Rinderknech A.,Tiafoe F.,2,0.009652361596529102,0.019304723193058204,5.769230769230771
Canadian Open,ATP,3rd Round,Griekspoor T.,Arnaldi M.,2,0.0014088149253569937,0.0028176298507139874,1.3986013986013957
Canadian Open,ATP,3rd Round,Merida Aguilar D.,Michelsen A.,2,0.0006325341246800065,0.001265068249360013,8.024691358024683
Canadian Open,ATP,3rd Round,Van De Zandschulp B.,Hurkacz H.,2,0.001042507398439585,0.00208501479687917,2.734375
Canadian Open,ATP,3rd Round,Shelton B.,Bergs Z.,2,0.006322254335260014,0.012644508670520027,3.8461538461538547
Canadian Open,ATP,3rd Round,Mensik J.,Atmane T.,2,0.000889563896723844,0.001779127793447688,2.7397260273972712
Canadian Open,ATP,3rd Round,Fonseca J.,Ruud C.,2,0.009799181252619027,0.019598362505238054,2.976190476190488
Canadian Open,ATP,3rd Round,Tirante T.A.,Popyrin A.,2,0.001967966953743072,0.003935933907486144,0.9569377990430672
Canadian Open,ATP,3rd Round,Tien L.,Paul T.,2,0.00025284301388875385,0.0005056860277775077,3.3057851239669533
Canadian Open,ATP,4th Round,Darderi L.,Borges N.,2,0.006105372496970407,0.012210744993940814,2.4590163934426146
Canadian Open,ATP,4th Round,Nakashima B.,Rinderknech A.,2,0.0032194994074374317,0.006438998814874863,4.166666666666674
Canadian Open,ATP,4th Round,Jodar R.,Lehecka J.,2,0.002656544018543705,0.00531308803708741,0.5747126436781658
Canadian Open,ATP,4th Round,Fils A.,Norrie C.,2,0.006833367078355912,0.013666734156711824,2.857142857142869
Canadian Open,ATP,4th Round,Merida Aguilar D.,Griekspoor T.,2,0.01227634843933656,0.02455269687867312,7.317073170731736
Canadian Open,ATP,4th Round,Tien L.,Tirante T.A.,2,0.005913432661283857,0.011826865322567715,2.127659574468077
Canadian Open,ATP,4th Round,Shelton B.,Fonseca J.,2,0.0005195952353116984,0.0010391904706233968,1.1695906432748648
Canadian Open,ATP,4th Round,Mensik J.,Van De Zandschulp B.,2,0.0006325341246800065,0.001265068249360013,0.7518796992481258
Canadian Open,ATP,Quarterfinals,Nakashima B.,Darderi L.,2,0.0020399836801305304,0.004079967360261061,2.941176470588225
Canadian Open,ATP,Quarterfinals,Jodar R.,Fils A.,2,0.004977960176318574,0.009955920352637149,27.976190476190467
Canadian Open,ATP,Quarterfinals,Shelton B.,Mensik J.,2,0.004977960176318574,0.009955920352637149,3.0303030303030276
Canadian Open,ATP,Quarterfinals,Tien L.,Merida Aguilar D.,2,0.0119351416056806,0.0238702832113612,2.7397260273972712
Canadian Open,ATP,Semifinals,Nakashima B.,Jodar R.,2,0.005572785423531651,0.011145570847063302,3.4482758620689724
Canadian Open,ATP,Semifinals,Shelton B.,Tien L.,2,0.009227089361522334,0.018454178723044667,1.3986013986013957
Canadian Open,ATP,The Final,Shelton B.,Nakashima B.,2,0.0014822134387352248,0.0029644268774704496,3.571428571428581
Canadian Open,WTA,1st Round,Rakhimova K.,Williams V.,2,0.008932711212841615,0.01786542242568323,0.8196721311475308
Canadian Open,WTA,1st Round,Golubic V.,Birrell K.,2,0.0031645569620253056,0.006329113924050611,9.375
Canadian Open,WTA,1st Round,Bouzas Maneiro J.,Arseneault A.,2,0.01104645556302386,0.02209291112604772,0.9009009009008917
Canadian Open,WTA,1st Round,Bejlek S.,Wang Xiy.,2,0.0017546042807367046,0.003509208561473409,1.2499999999999956
Canadian Open,WTA,1st Round,Sebov K.,Ito A.,2,0.006874783811829821,0.013749567623659642,1.7621145374449254
Canadian Open,WTA,1st Round,Uchijima M.,Bucsa C.,2,0.01832358674463938,0.03664717348927876,11.737089201877925
Canadian Open,WTA,1st Round,Osorio M.,Stefanini L.,2,0.004792910110327342,0.009585820220654684,1.4705882352941124
Canadian Open,WTA,1st Round,Tararudee L.,Jones E.,2,0.02304366167475219,0.04608732334950438,9.859154929577475
Canadian Open,WTA,1st Round,Samsonova L.,Tjen J.,2,0.004380293339857233,0.008760586679714466,1.3071895424836555
Canadian Open,WTA,1st Round,Ruzic A.,Boisson L.,2,0.0018891687657430767,0.0037783375314861534,3.7234042553191626
Canadian Open,WTA,1st Round,Linette M.,Zhao C.,2,0.015103938387223959,0.030207876774447917,1.8867924528301883
Canadian Open,WTA,1st Round,Udvardy P.,Lys E.,2,0.0006449277002104348,0.0012898554004208695,12.5
Canadian Open,WTA,1st Round,Joint M.,Starodubtseva Y.,2,0.004977960176318574,0.009955920352637149,1.3761467889908063
Canadian Open,WTA,1st Round,Bartunkova N.,Andreescu B.,2,0.009160806909143782,0.018321613818287563,3.0864197530864113
Canadian Open,WTA,1st Round,Zarazua R.,Korpatsch T.,2,0.006149561273784909,0.012299122547569818,3.1446540880503138
Canadian Open,WTA,1st Round,Parks A.,Jimenez Kasintseva V.,2,0.0010365460052634279,0.0020730920105268558,1.8518518518518379
Canadian Open,WTA,1st Round,Frech M.,Jeanjean L.,2,0.005120420376587387,0.010240840753174774,2.6315789473684292
Canadian Open,WTA,1st Round,Townsend T.,Valentova T.,2,0.010405281823656659,0.020810563647313318,3.7735849056603765
Canadian Open,WTA,1st Round,Ruse E.G.,Stearns P.,2,0.002656544018543705,0.00531308803708741,1.449275362318847
Canadian Open,WTA,1st Round,Bondar A.,Kalinina A.,2,0.010345065008090126,0.020690130016180253,5.6224899598393385
Canadian Open,WTA,1st Round,Zhang S.,Putintseva Y.,2,0.0014088149253571047,0.0028176298507142095,4.089219330855021
Canadian Open,WTA,1st Round,Pliskova Ka.,Oliynykova O.,2,0.0097943722943723,0.0195887445887446,1.5625
Canadian Open,WTA,1st Round,Day K.,Parry D.,2,0.009799181252619027,0.019598362505238054,4.8484848484848575
Canadian Open,WTA,1st Round,Korneeva A.,Kudermetova P.,2,0.0032194994074374317,0.006438998814874863,1.388888888888884
Canadian Open,WTA,1st Round,Gibson T.,Cocciaretto E.,2,0.01613962416649825,0.0322792483329965,10.13215859030836
Canadian Open,WTA,1st Round,Kessler M.,Brace C.,2,0.012059789505954377,0.024119579011908754,1.7391304347826209
Canadian Open,WTA,1st Round,Sramkova R.,Blinkova A.,2,0.0025269797841616926,0.005053959568323385,1.85185185185186
Canadian Open,WTA,1st Round,Cross K.,Boulter K.,2,0.006322254335260152,0.012644508670520305,3.2448377581120846
Canadian Open,WTA,2nd Round,Rakhimova K.,Siniakova K.,2,0.0021228672785629787,0.0042457345571259575,3.9215686274509887
Canadian Open,WTA,2nd Round,Kalinskaya A.,Kessler M.,2,0.010054931932170996,0.020109863864341992,1.2820512820512775
Canadian Open,WTA,2nd Round,Zhang S.,Ostapenko J.,2,0.012080262080262083,0.024160524160524166,4.895104895104896
Canadian Open,WTA,2nd Round,Keys M.,Ruzic A.,2,0.009692011973576498,0.019384023947152995,1.6949152542372836
Canadian Open,WTA,2nd Round,Potapova A.,Ruse E.G.,2,0.010025062656641603,0.020050125313283207,4.371584699453535
Canadian Open,WTA,2nd Round,Gibson T.,Chwalinska M.,2,0.01680210920094216,0.03360421840188432,1.764705882352935
Canadian Open,WTA,2nd Round,Kostyuk M.,Sebov K.,2,0.015266577937837589,0.030533155875675178,0.9615384615384581
Canadian Open,WTA,2nd Round,Shnaider D.,Sramkova R.,2,0.00810675979047143,0.01621351958094286,2.4793388429751984
Canadian Open,WTA,2nd Round,Alexandrova E.,Osorio M.,2,0.004342105263157897,0.008684210526315794,2.499999999999991
Canadian Open,WTA,2nd Round,Swiatek I.,Bejlek S.,2,0.0001849018402355629,0.0003698036804711258,1.8348623853211121
Canadian Open,WTA,2nd Round,Svitolina E.,Bouzas Maneiro J.,2,0.01486781480456617,0.02973562960913234,1.7391304347826209
Canadian Open,WTA,1st Round,Kasatkina D.,Wang Xin.,2,0.006281407035175879,0.012562814070351758,1.5957446808510634
Canadian Open,WTA,1st Round,Stephens S.,Sierra S.,2,0.012961508248232556,0.025923016496465112,5.527638190954787
Canadian Open,WTA,1st Round,McNally C.,Maria T.,2,0.0170591933455847,0.0341183866911694,3.8461538461538547
Canadian Open,WTA,1st Round,Sonmez Z.,Marino R.,2,0.002344259621656797,0.004688519243313594,1.538461538461533
Canadian Open,WTA,2nd Round,Golubic V.,Vekic D.,2,0.0052253804191789155,0.010450760838357831,10.185185185185164
Canadian Open,WTA,2nd Round,Andreeva M.,Pliskova Ka.,2,0.009617745764099184,0.019235491528198367,2.5000000000000133
Canadian Open,WTA,2nd Round,McNally C.,Noskova L.,2,0.003663003663003664,0.007326007326007328,7.238605898123329
Canadian Open,WTA,2nd Round,Samsonova L.,Krejcikova B.,2,0.0027491579155934087,0.0054983158311868174,3.9301310043668103
Canadian Open,WTA,2nd Round,Osaka N.,Udvardy P.,2,0.016408817072530668,0.032817634145061336,1.8867924528301883
Canadian Open,WTA,2nd Round,Mertens E.,Bondar A.,2,0.007519559128351727,0.015039118256703454,0.7518796992481258
Canadian Open,WTA,2nd Round,Sakkari M.,Sonmez Z.,2,0.005411792508566715,0.01082358501713343,4.487179487179471
Canadian Open,WTA,2nd Round,Gauff C.,Day K.,2,0.006104807332280526,0.012209614664561053,1.869158878504673
Canadian Open,WTA,2nd Round,Korneeva A.,Navarro E.,2,0.01190161332980691,0.02380322665961382,3.5714285714285587
Canadian Open,WTA,2nd Round,Li A.,Cross K.,2,0.0097943722943723,0.0195887445887446,0.78125
Canadian Open,WTA,2nd Round,Pegula J.,Frech M.,2,0.010288065843621408,0.020576131687242816,1.81818181818183
Canadian Open,WTA,2nd Round,Sabalenka A.,Uchijima M.,2,0.015915603078508922,0.031831206157017844,1.9230769230769162
Canadian Open,WTA,2nd Round,Anisimova A.,Tararudee L.,2,0.008485888634630012,0.016971777269260024,3.571428571428581
Canadian Open,WTA,2nd Round,Bartunkova N.,Tauson C.,2,0.007518796992481203,0.015037593984962405,8.808290155440424
Canadian Open,WTA,2nd Round,Jovic I.,Linette M.,2,0.00014208315768110547,0.00028416631536221093,1.6260162601626105
Canadian Open,WTA,2nd Round,Townsend T.,Bouzkova M.,2,0.011562849682954096,0.023125699365908192,4.761904761904767
Canadian Open,WTA,2nd Round,Rybakina E.,Kasatkina D.,2,0.008564641657780425,0.01712928331556085,1.7699115044247815
Canadian Open,WTA,2nd Round,Bencic B.,Stephens S.,2,0.007712963491972924,0.015425926983945848,4.464285714285698
Canadian Open,WTA,2nd Round,Fernandez L.A.,Zarazua R.,2,0.006204614394705432,0.012409228789410864,5.343511450381677
Canadian Open,WTA,2nd Round,Eala A.,Parks A.,2,0.0023427838417046654,0.004685567683409331,3.3898305084745894
Canadian Open,WTA,3rd Round,Alexandrova E.,Gibson T.,2,0.0018421052631579227,0.0036842105263158453,2.77777777777779
Canadian Open,WTA,3rd Round,Swiatek I.,Golubic V.,2,0.008049525940418634,0.016099051880837267,0.9433962264151052
Canadian Open,WTA,3rd Round,Shnaider D.,Kalinskaya A.,2,0.004534755801161472,0.009069511602322944,2.941176470588247
Canadian Open,WTA,3rd Round,Pegula J.,Rakhimova K.,2,0.01363766867642835,0.0272753373528567,0.917431192660545
Canadian Open,WTA,3rd Round,Kostyuk M.,Keys M.,2,0.001967966953742961,0.003935933907485922,1.1695906432748648
Canadian Open,WTA,3rd Round,Anisimova A.,Bartunkova N.,2,0.004426994544834584,0.008853989089669168,2.0408163265306145
Canadian Open,WTA,2nd Round,Joint M.,Cirstea S.,2,0.008239024996890942,0.016478049993781885,8.024691358024683
Canadian Open,WTA,3rd Round,Fernandez L.A.,Andreeva M.,2,0.0066041247859429525,0.013208249571885905,4.819277108433728
Canadian Open,WTA,3rd Round,Samsonova L.,Joint M.,2,0.006996017651490716,0.013992035302981431,1.4925373134328401
Canadian Open,WTA,3rd Round,Osaka N.,Mertens E.,2,0.012521262521262566,0.025042525042525132,1.449275362318847
Canadian Open,WTA,3rd Round,Rybakina E.,Li A.,2,0.003089548737369552,0.006179097474739104,0.8771929824561431
Canadian Open,WTA,3rd Round,Svitolina E.,Potapova A.,2,0.0032894736842105643,0.006578947368421129,2.941176470588225
Canadian Open,WTA,3rd Round,Sabalenka A.,Zhang S.,2,0.014919188666370875,0.02983837733274175,0.952380952380949
Canadian Open,WTA,3rd Round,Korneeva A.,Jovic I.,2,0.004992558366839206,0.009985116733678412,4.166666666666652
Canadian Open,WTA,3rd Round,Gauff C.,Sakkari M.,2,0.006371562709590883,0.012743125419181767,1.6260162601626105
Canadian Open,WTA,3rd Round,Bencic B.,Townsend T.,2,0.004542765382014924,0.009085530764029848,0.7575757575757569
Canadian Open,WTA,3rd Round,Eala A.,McNally C.,2,0.006313131313131326,0.012626262626262652,1.449275362318847
Canadian Open,WTA,4th Round,Swiatek I.,Kostyuk M.,2,0.0032315613710962587,0.0064631227421925175,1.21212121212122
Canadian Open,WTA,4th Round,Shnaider D.,Pegula J.,2,0.01805484585249531,0.03610969170499062,7.692307692307687
Canadian Open,WTA,4th Round,Gauff C.,Korneeva A.,2,0.017924197408599463,0.035848394817198925,1.5748031496062964
Canadian Open,WTA,4th Round,Rybakina E.,Samsonova L.,2,0.007554071246819283,0.015108142493638566,3.100775193798455
Canadian Open,WTA,4th Round,Alexandrova E.,Sabalenka A.,2,0.005897574035981332,0.011795148071962663,22.64150943396226
Canadian Open,WTA,4th Round,Svitolina E.,Anisimova A.,2,0.0044534763057765825,0.008906952611553165,33.33333333333335
Canadian Open,WTA,4th Round,Osaka N.,Fernandez L.A.,2,0.0010135633200648586,0.002027126640129717,2.941176470588225
Canadian Open,WTA,4th Round,Bencic B.,Eala A.,2,0.002506265664160401,0.005012531328320802,1.1173184357541999
Canadian Open,WTA,Quarterfinals,Swiatek I.,Shnaider D.,2,0.011497553841954944,0.022995107683909888,2.3076923076922995
Canadian Open,WTA,Quarterfinals,Svitolina E.,Alexandrova E.,2,0.0032894736842105643,0.006578947368421129,2.941176470588225
Canadian Open,WTA,Quarterfinals,Gauff C.,Bencic B.,2,0.0011470574465096695,0.002294114893019339,1.9480519480519431
Canadian Open,WTA,Quarterfinals,Rybakina E.,Osaka N.,2,0.0037688442211055717,0.007537688442211143,17.801047120418858
Canadian Open,WTA,Semifinals,Rybakina E.,Gauff C.,2,0.00028710881424065526,0.0005742176284813105,2.7397260273972712
Canadian Open,WTA,Semifinals,Swiatek I.,Svitolina E.,2,0.0066591374019774885,0.013318274803954977,1.4084507042253502
Canadian Open,WTA,The Final,Swiatek I.,Rybakina E.,2,0.008026781790450521,0.016053563580901042,3.4482758620689724
Cincinnati,ATP,1st Round,Landaluce M.,Draper J.,2,0.003289473684210509,0.006578947368421018,3.5031847133757843
Cincinnati,ATP,1st Round,Norrie C.,Prizmic D.,2,0.0032194994074374317,0.006438998814874863,2.7397260273972712
Cincinnati,ATP,1st Round,Struff J.L.,Burruchaga R.,2,0.01115631972699832,0.02231263945399664,4.046242774566489
Cincinnati,ATP,1st Round,Tirante T.A.,Choinski J.,2,0.0014088149253569937,0.0028176298507139874,2.77777777777779
Cincinnati,ATP,1st Round,Shapovalov D.,Mannarino A.,2,0.001967966953742961,0.003935933907485922,1.1560693641618602
Cincinnati,ATP,1st Round,Kecmanovic M.,Ugo Carabelli C.,2,0.01135651629072676,0.02271303258145352,0.0
Cincinnati,ATP,1st Round,Navone M.,Collignon R.,2,0.002890986773095877,0.005781973546191754,1.382488479262678
Cincinnati,ATP,1st Round,Atmane T.,Fucsovics M.,2,0.008482300442027857,0.016964600884055714,1.3986013986013957
Cincinnati,ATP,1st Round,Hijikata R.,Monfils G.,2,0.0060422373763867054,0.012084474752773411,3.2863849765258246
Cincinnati,ATP,1st Round,Bellucci M.,Svajda Z.,2,0.00524686347719211,0.01049372695438422,2.4193548387096753
Cincinnati,ATP,1st Round,Vallejo D.,Jacquet K.,2,0.008482300442027968,0.016964600884055936,2.8368794326241176
Cincinnati,ATP,1st Round,Halys Q.,Kopriva V.,2,0.016964119724855953,0.033928239449711906,3.703703703703698
Cincinnati,ATP,1st Round,Hurkacz H.,Shimabukuro S.,2,0.0097943722943723,0.0195887445887446,0.78125
Cincinnati,ATP,1st Round,Altmaier D.,Wong C.,2,0.003444999540258037,0.006889999080516074,3.4782608695652195
Cincinnati,ATP,1st Round,Tsitsipas S.,Royer V.,2,0.001118221855216095,0.00223644371043219,0.7751937984496138
Cincinnati,ATP,1st Round,Baez S.,Dimitrov G.,2,0.002413801706501656,0.004827603413003312,2.678571428571419
Cincinnati,ATP,1st Round,Hanfmann Y.,Van Assche L.,2,0.016006072622810286,0.03201214524562057,2.857142857142869
Cincinnati,ATP,1st Round,Berrettini M.,Droguet T.,2,0.0001627784325087811,0.0003255568650175622,1.1695906432748648
Cincinnati,ATP,1st Round,Carreno Busta P.,Machac T.,2,0.0006578947368420796,0.001315789473684159,4.9450549450549275
Cincinnati,ATP,1st Round,Duckworth J.,Wolf J.J.,2,0.0006844201095072278,0.0013688402190144555,3.9301310043668103
Cincinnati,ATP,1st Round,O Connell C.,Majchrzak K.,2,0.0042234373583879825,0.008446874716775965,3.3057851239669533
Cincinnati,ATP,1st Round,Van De Zandschulp B.,Shevchenko A.,2,0.010626746145754429,0.021253492291508858,2.7397260273972712
Cincinnati,ATP,1st Round,Michelsen A.,De Jong J.,2,0.004649679836331244,0.009299359672662488,1.7094017094017033
Cincinnati,ATP,1st Round,Cerundolo J.M.,Lajal M.,2,0.01190161332980691,0.02380322665961382,4.712041884816753
Cincinnati,ATP,1st Round,Borges N.,Kokkinakis T.,2,0.006313131313131326,0.012626262626262652,0.7194244604316502
Cincinnati,ATP,1st Round,Sonego L.,Shang J.,2,0.007653061224489804,0.015306122448979609,2.6666666666666616
Cincinnati,ATP,1st Round,Walton A.,Mejia N.,2,0.001385620029687784,0.002771240059375568,2.7027027027026973
Cincinnati,ATP,1st Round,Trungelliti M.,Medjedovic H.,2,0.0008895638967237607,0.0017791277934475214,3.7735849056603765
Cincinnati,ATP,1st Round,Zheng M.,Marozsan F.,2,0.006322093343848757,0.012644186687697512,1.81818181818183
Cincinnati,ATP,1st Round,Merida Aguilar D.,Cilic M.,2,0.010166166845847702,0.020332333691695403,3.0303030303030276
Cincinnati,ATP,1st Round,Faria J.,Brooksby J.,2,0.0031234444997511324,0.006246888999502265,5.990783410138234
Cincinnati,ATP,1st Round,Kovacevic A.,Khachanov K.,2,0.003289473684210509,0.006578947368421018,8.843537414965997
Cincinnati,ATP,2nd Round,Cobolli F.,Kecmanovic M.,2,0.007318518325595991,0.014637036651191981,4.046242774566489
Cincinnati,ATP,2nd Round,Blockx A.,Navone M.,2,0.0014765596160944972,0.0029531192321889943,2.4539877300613577
Cincinnati,ATP,2nd Round,Landaluce M.,Arnaldi M.,2,0.018323586744639353,0.036647173489278706,5.263157894736836
Cincinnati,ATP,2nd Round,Vallejo D.,Vacherot V.,2,0.013436627976416676,0.026873255952833353,3.8461538461538547
Cincinnati,ATP,2nd Round,Tirante T.A.,Djokovic N.,2,0.0008658008658008615,0.001731601731601723,6.10079575596818
Cincinnati,ATP,2nd Round,Mensik J.,Bellucci M.,2,0.006371562709590883,0.012743125419181767,2.400000000000002
Cincinnati,ATP,2nd Round,Tabilo A.,Struff J.L.,2,0.00752277579001176,0.01504555158002352,1.9480519480519431
Cincinnati,ATP,2nd Round,De Minaur A.,Halys Q.,2,0.005527765695229836,0.011055531390459672,2.941176470588225
Cincinnati,ATP,2nd Round,Hijikata R.,Darderi L.,2,0.004954272908969798,0.009908545817939596,5.932203389830515
Cincinnati,ATP,2nd Round,Atmane T.,Etcheverry T.,2,0.0008924505964848506,0.0017849011929697012,1.9480519480519431
Cincinnati,ATP,2nd Round,Paul T.,Hurkacz H.,2,7.850462293418876e-17,1.1102230246251565e-16,1.6666666666666607
Cincinnati,ATP,2nd Round,Fery A.,Duckworth J.,2,0.004363924887595849,0.008727849775191698,3.80434782608694
Cincinnati,ATP,2nd Round,Lehecka J.,Berrettini M.,2,0.000889563896723844,0.001779127793447688,3.4482758620689724
Cincinnati,ATP,2nd Round,Jodar R.,Shapovalov D.,2,0.006313131313131326,0.012626262626262652,2.1897810218977964
Cincinnati,ATP,2nd Round,Fils A.,Hanfmann Y.,2,0.0056908527910286,0.0113817055820572,1.6129032258064502
Cincinnati,ATP,2nd Round,Zverev A.,Norrie C.,2,0.02486691460657775,0.0497338292131555,2.4590163934426146
Cincinnati,ATP,2nd Round,Zheng M.,Humbert U.,2,0.002506265664160373,0.005012531328320746,3.0927835051546504
Cincinnati,ATP,2nd Round,Medvedev D.,Trungelliti M.,2,0.0058975740359813456,0.011795148071962691,1.7391304347826209
Cincinnati,ATP,2nd Round,O Connell C.,Ruud C.,2,0.002738998825336597,0.005477997650673194,3.3057851239669533
Cincinnati,ATP,2nd Round,Cerundolo J.M.,Rinderknech A.,2,0.013288167825518504,0.02657633565103701,2.941176470588247
Cincinnati,ATP,2nd Round,Fonseca J.,Van De Zandschulp B.,2,0.00843454790823217,0.01686909581646434,1.4814814814814836
Cincinnati,ATP,2nd Round,Auger-Aliassime F.,Tsitsipas S.,2,0.004977960176318574,0.009955920352637149,2.9940119760479167
Cincinnati,ATP,2nd Round,Musetti L.,Altmaier D.,2,0.00014208315768110547,0.00028416631536221093,0.8196721311475308
Cincinnati,ATP,2nd Round,Fritz T.,Michelsen A.,2,0.006791049253104531,0.013582098506209062,1.9354838709677358
Cincinnati,ATP,2nd Round,Nakashima B.,Kovacevic A.,2,0.008265615041427643,0.016531230082855286,0.7751937984496138
Cincinnati,ATP,2nd Round,Borges N.,Cerundolo F.,2,0.002656544018543705,0.00531308803708741,2.941176470588247
Cincinnati,ATP,2nd Round,Rublev A.,Carreno Busta P.,2,0.014229013178374994,0.028458026356749988,2.857142857142869
Cincinnati,ATP,2nd Round,Tien L.,Baez S.,2,0.00690410175160644,0.01380820350321288,1.5625
Cincinnati,ATP,2nd Round,Merida Aguilar D.,Bergs Z.,2,0.008662554140963397,0.017325108281926793,4.6242774566473965
Cincinnati,ATP,2nd Round,Walton A.,Buse I.,2,0.0034449995402580647,0.006889999080516129,2.5316455696202445
Cincinnati,ATP,2nd Round,Faria J.,Shelton B.,2,0.005973672999712021,0.011947345999424042,5.708245243128962
Cincinnati,ATP,2nd Round,Tiafoe F.,Sonego L.,2,0.0006498877466619146,0.0012997754933238292,1.2903225806451646
Cincinnati,ATP,3rd Round,Cobolli F.,Blockx A.,2,0.008662554140963341,0.017325108281926682,1.5151515151515138
Cincinnati,ATP,3rd Round,Tirante T.A.,Landaluce M.,2,0.001967966953742961,0.003935933907485922,3.592814371257491
Cincinnati,ATP,3rd Round,De Minaur A.,Fery A.,2,0.001957372770769905,0.00391474554153981,1.6666666666666607
Cincinnati,ATP,3rd Round,Jodar R.,Tabilo A.,2,0.0014822134387352248,0.0029644268774704496,0.7194244604316502
Cincinnati,ATP,3rd Round,Mensik J.,Hijikata R.,2,0.012591575091575102,0.025183150183150205,3.200000000000003
Cincinnati,ATP,3rd Round,Zverev A.,Atmane T.,2,0.008564641657780425,0.01712928331556085,1.7391304347826209
Cincinnati,ATP,3rd Round,Fils A.,Lehecka J.,2,0.00783747233833293,0.01567494467666586,2.5316455696202445
Cincinnati,ATP,3rd Round,Paul T.,Vallejo D.,2,0.00810675979047143,0.01621351958094286,1.6666666666666607
Cincinnati,ATP,3rd Round,O Connell C.,Fonseca J.,2,0.008995625980028066,0.01799125196005613,5.633802816901423
Cincinnati,ATP,3rd Round,Borges N.,Rublev A.,2,0.006842619745845574,0.013685239491691148,5.882352941176494
Cincinnati,ATP,3rd Round,Fritz T.,Merida Aguilar D.,2,0.009617745764099184,0.019235491528198367,1.6666666666666607
Cincinnati,ATP,3rd Round,Musetti L.,Zheng M.,2,0.0026142292357503316,0.005228458471500663,2.0408163265306145
Cincinnati,ATP,3rd Round,Nakashima B.,Medvedev D.,2,0.0014765596160944694,0.002953119232188939,1.382488479262678
Cincinnati,ATP,3rd Round,Faria J.,Walton A.,2,0.0007745589140937814,0.0015491178281875628,3.0864197530864113
Cincinnati,ATP,3rd Round,Auger-Aliassime F.,Cerundolo J.M.,2,0.001255332053971825,0.00251066410794365,0.8474576271186418
Cincinnati,ATP,3rd Round,Tiafoe F.,Tien L.,2,0.008662554140963341,0.017325108281926682,3.960396039603964
Cincinnati,ATP,4th Round,Cobolli F.,Jodar R.,2,0.0010293148880105851,0.0020586297760211703,4.790419161676662
Cincinnati,ATP,4th Round,Tirante T.A.,Mensik J.,2,0.0024219722628451568,0.0048439445256903135,2.6119402985074647
Cincinnati,ATP,4th Round,Paul T.,Zverev A.,2,0.002765004402737775,0.00553000880547555,7.9365079365079305
Cincinnati,ATP,4th Round,Fils A.,De Minaur A.,2,0.00752277579001176,0.01504555158002352,1.9480519480519431
Cincinnati,ATP,4th Round,Nakashima B.,Borges N.,2,0.003030840127614287,0.006061680255228574,4.575163398692816
Cincinnati,ATP,4th Round,Fritz T.,O Connell C.,2,0.0018581969144866872,0.0037163938289733744,1.85185185185186
Cincinnati,ATP,4th Round,Musetti L.,Faria J.,2,0.0010293148880105019,0.0020586297760210037,2.2900763358778553
Cincinnati,ATP,4th Round,Tiafoe F.,Auger-Aliassime F.,2,0.0051710421638822834,0.010342084327764567,1.4760147601476037
Cincinnati,ATP,Quarterfinals,Cobolli F.,Paul T.,2,0.0006844201095072278,0.0013688402190144555,4.484304932735439
Cincinnati,ATP,Quarterfinals,Fils A.,Tirante T.A.,2,0.009101417336444595,0.01820283467288919,0.78125
Cincinnati,ATP,Quarterfinals,Nakashima B.,Fritz T.,2,0.0027674792001167736,0.005534958400233547,2.008032128514059
Cincinnati,ATP,Quarterfinals,Tiafoe F.,Musetti L.,2,0.0,0.0,2.6737967914438387
Cincinnati,ATP,Semifinals,Fils A.,Cobolli F.,2,0.0002758468498290645,0.000551693699658129,1.4925373134328401
Cincinnati,ATP,Semifinals,Tiafoe F.,Nakashima B.,2,0.007518796992481203,0.015037593984962405,2.0408163265306145
Cincinnati,ATP,The Final,Fils A.,Tiafoe F.,2,0.003676273852970424,0.007352547705940848,3.4482758620689724
Cincinnati,WTA,1st Round,Sonmez Z.,Kasatkina D.,2,0.003840703765685044,0.007681407531370088,2.3255813953488413
Cincinnati,WTA,1st Round,Kalinina A.,Vidmanova D.,2,0.005582137161084466,0.011164274322168932,10.497237569060779
Cincinnati,WTA,1st Round,Rakhimova K.,Birrell K.,2,0.010000000000000009,0.020000000000000018,4.712041884816753
Cincinnati,WTA,1st Round,Townsend T.,Osorio M.,2,0.0042234373583879825,0.008446874716775965,2.564102564102577
Cincinnati,WTA,1st Round,Waltert S.,Marcinko P.,2,0.001851362073525542,0.003702724147051084,1.5075376884422065
Cincinnati,WTA,1st Round,Boisson L.,Krueger A.,2,0.003003075148952511,0.006006150297905022,9.324758842443725
Cincinnati,WTA,1st Round,Frech M.,Ruzic A.,2,0.010790914803842366,0.021581829607684733,3.8461538461538547
Cincinnati,WTA,1st Round,Ruse E.G.,Linette M.,2,0.0044534763057765825,0.008906952611553165,1.2499999999999956
Cincinnati,WTA,1st Round,Parry D.,Dolehide C.,2,0.006230942595784161,0.012461885191568323,2.564102564102577
Cincinnati,WTA,1st Round,Maria T.,Yastremska D.,2,0.0012828071448470757,0.0025656142896941514,1.7341040462427681
Cincinnati,WTA,1st Round,Bucsa C.,Udvardy P.,2,0.008355061926490492,0.016710123852980985,4.8484848484848575
Cincinnati,WTA,1st Round,Boulter K.,Volynets K.,2,0.014069828035435133,0.028139656070870267,3.960396039603964
Cincinnati,WTA,1st Round,McNally C.,Kessler M.,2,0.00992351163435079,0.01984702326870158,1.744186046511631
Cincinnati,WTA,1st Round,Stefanini L.,Cocciaretto E.,2,0.002154450911996897,0.004308901823993794,1.1029411764705843
Cincinnati,WTA,1st Round,Bejlek S.,Pliskova Ka.,2,0.0037120509081267627,0.0074241018162535255,2.259887005649719
Cincinnati,WTA,1st Round,Bouzas Maneiro J.,Bondar A.,2,6.100350770171792e-05,0.00012200701540343584,1.2658227848101333
Cincinnati,WTA,1st Round,Snigur D.,Starodubtseva Y.,2,0.007286136348490568,0.014572272696981137,1.3513513513513598
Cincinnati,WTA,1st Round,Bartunkova N.,Charaeva A.,2,0.007056647848939057,0.014113295697878114,2.857142857142869
Cincinnati,WTA,1st Round,Blinkova A.,Sawangkaew M.,2,0.005307214925803966,0.010614429851607932,1.9417475728155331
Cincinnati,WTA,1st Round,Korpatsch T.,Joint M.,2,0.009070525886669428,0.018141051773338857,5.263157894736836
Cincinnati,WTA,1st Round,Stearns P.,Dart H.,2,0.006833367078355912,0.013666734156711824,1.4285714285714235
Cincinnati,WTA,1st Round,Arango E.,Williams V.,2,0.004137782906429299,0.008275565812858598,1.5037593984962516
Cincinnati,WTA,1st Round,Gibson T.,Tagger L.,2,0.00916071749955008,0.01832143499910016,3.734439834024883
Cincinnati,WTA,1st Round,Golubic V.,Parks A.,2,0.010656789057911065,0.02131357811582213,2.614379084967333
Cincinnati,WTA,1st Round,Oliynykova O.,Kalieva E.,2,0.0014088149253571047,0.0028176298507142095,2.9962546816479474
Cincinnati,WTA,1st Round,Wang Xiy.,Timofeeva M.,2,0.0017406007559180314,0.003481201511836063,0.7194244604316502
Cincinnati,WTA,1st Round,Wang Xin.,Vandewinkel H.,2,0.004408060453400531,0.008816120906801062,2.6881720430107503
Cincinnati,WTA,1st Round,Samsonova L.,Putintseva Y.,2,0.0017543859649122862,0.0035087719298245723,1.4925373134328401
Cincinnati,WTA,1st Round,Valentova T.,Stoiana M.,2,0.00616249260500884,0.01232498521001768,2.941176470588225
Cincinnati,WTA,1st Round,Stephens S.,Kraus S.,2,0.009099795495761981,0.018199590991523962,2.3809523809523725
Cincinnati,WTA,1st Round,Kenin S.,Lys E.,2,0.004270831359021482,0.008541662718042964,2.3255813953488413
Cincinnati,WTA,1st Round,Zhang S.,Day K.,2,0.004342105263157897,0.008684210526315794,2.499999999999991
Cincinnati,WTA,2nd Round,Chwalinska M.,Bucsa C.,2,0.007518796992481203,0.015037593984962405,3.0927835051546504
Cincinnati,WTA,2nd Round,Anisimova A.,Sonmez Z.,2,0.003637141634574237,0.007274283269148474,1.6666666666666607
Cincinnati,WTA,2nd Round,Eala A.,Ruse E.G.,2,0.006313131313131326,0.012626262626262652,1.449275362318847
Cincinnati,WTA,2nd Round,Kalinskaya A.,McNally C.,2,0.00844520073107713,0.01689040146215426,3.703703703703698
Cincinnati,WTA,2nd Round,Shnaider D.,Maria T.,2,0.00899562598002801,0.01799125196005602,0.8064516129032251
Cincinnati,WTA,2nd Round,Frech M.,Ostapenko J.,2,0.004342105263157897,0.008684210526315794,3.0927835051546504
Cincinnati,WTA,2nd Round,Noskova L.,Boulter K.,2,0.004352278545826982,0.008704557091653964,1.6000000000000014
Cincinnati,WTA,2nd Round,Cirstea S.,Bartunkova N.,2,0.002348635046515224,0.004697270093030448,1.9108280254777066
Cincinnati,WTA,2nd Round,Pegula J.,Waltert S.,2,0.017935540196051203,0.035871080392102406,1.904761904761898
Cincinnati,WTA,2nd Round,Sakkari M.,Rakhimova K.,2,0.005460760575416612,0.010921521150833224,1.324503311258285
Cincinnati,WTA,2nd Round,Navarro E.,Kalinina A.,2,0.003953601576691612,0.007907203153383224,1.3157894736842035
Cincinnati,WTA,2nd Round,Parry D.,Mertens E.,2,0.006204972764013328,0.012409945528026656,5.932203389830515
Cincinnati,WTA,2nd Round,Tauson C.,Stearns P.,2,0.005050505050505083,0.010101010101010166,7.526881720430101
Cincinnati,WTA,2nd Round,Boisson L.,Bencic B.,2,0.015099223468507325,0.03019844693701465,11.111111111111116
Cincinnati,WTA,2nd Round,Bejlek S.,Krejcikova B.,2,0.0042234373583879825,0.008446874716775965,0.8403361344537785
Cincinnati,WTA,2nd Round,Andreeva M.,Oliynykova O.,2,0.006104807332280526,0.012209614664561053,0.9433962264151052
Cincinnati,WTA,2nd Round,Rybakina E.,Townsend T.,2,0.0097943722943723,0.0195887445887446,0.78125
Cincinnati,WTA,2nd Round,Tjen J.,Golubic V.,2,0.010657894736842088,0.021315789473684177,2.2346368715083775
Cincinnati,WTA,2nd Round,Wang Xin.,Vekic D.,2,0.001967966953742961,0.003935933907485922,1.1695906432748648
Cincinnati,WTA,2nd Round,Keys M.,Snigur D.,2,0.007056647848939057,0.014113295697878114,2.941176470588225
Cincinnati,WTA,2nd Round,Swiatek I.,Arango E.,2,0.0019799987765610205,0.003959997553122041,0.9803921568627416
Cincinnati,WTA,2nd Round,Bouzkova M.,Stefanini L.,2,0.007260903287393372,0.014521806574786744,1.6666666666666607
Cincinnati,WTA,2nd Round,Li A.,Zhang S.,2,0.0010365460052634279,0.0020730920105268558,1.8867924528301883
Cincinnati,WTA,2nd Round,Sabalenka A.,Gibson T.,2,0.006017335334604412,0.012034670669208825,1.8018018018017834
Cincinnati,WTA,2nd Round,Kostyuk M.,Kenin S.,2,0.0045752232055321085,0.009150446411064217,0.92592592592593
Cincinnati,WTA,2nd Round,Siniakova K.,Bouzas Maneiro J.,2,0.001256281407035209,0.002512562814070418,5.263157894736836
Cincinnati,WTA,2nd Round,Alexandrova E.,Blinkova A.,2,0.0027650044027378584,0.005530008805475717,3.0303030303030276
Cincinnati,WTA,2nd Round,Wang Xiy.,Fernandez L.A.,2,0.004977960176318574,0.009955920352637149,3.139013452914785
Cincinnati,WTA,2nd Round,Jovic I.,Korpatsch T.,2,0.0018581969144866872,0.0037163938289733744,0.9345794392523477
Cincinnati,WTA,2nd Round,Stephens S.,Potapova A.,2,0.0051710421638822834,0.010342084327764567,1.8518518518518379
Cincinnati,WTA,2nd Round,Gauff C.,Samsonova L.,2,0.0008658008658008476,0.0017316017316016952,1.5748031496062964
Cincinnati,WTA,2nd Round,Svitolina E.,Valentova T.,2,0.013342921061041901,0.026685842122083803,1.6129032258064502
Cincinnati,WTA,3rd Round,Parry D.,Boisson L.,2,0.006926952141057957,0.013853904282115914,7.14285714285714
Cincinnati,WTA,3rd Round,Swiatek I.,Sakkari M.,2,0.01237301288849646,0.02474602577699292,1.8018018018017834
Cincinnati,WTA,3rd Round,Rybakina E.,Frech M.,2,0.008164205373594025,0.01632841074718805,0.0
Cincinnati,WTA,3rd Round,Cirstea S.,Kalinskaya A.,2,0.006876487701666156,0.013752975403332313,1.104972375690605
Cincinnati,WTA,3rd Round,Shnaider D.,Chwalinska M.,2,0.00462402475114343,0.00924804950228686,2.3809523809523725
Cincinnati,WTA,3rd Round,Noskova L.,Tauson C.,2,0.004792910110327342,0.009585820220654684,4.477611940298498
Cincinnati,WTA,3rd Round,Pegula J.,Navarro E.,2,0.004649679836331244,0.009299359672662488,2.521008403361358
Cincinnati,WTA,3rd Round,Anisimova A.,Eala A.,2,0.002506265664160401,0.005012531328320802,2.8089887640449396
Cincinnati,WTA,3rd Round,Keys M.,Siniakova K.,2,0.00366300366300365,0.0073260073260073,0.8064516129032251
Cincinnati,WTA,3rd Round,Andreeva M.,Tjen J.,2,0.009171965534575777,0.018343931069151553,0.8928571428571175
Cincinnati,WTA,3rd Round,Wang Xiy.,Svitolina E.,2,0.001680107526881719,0.003360215053763438,6.534090909090917
Cincinnati,WTA,3rd Round,Gauff C.,Li A.,2,0.014025245441795287,0.028050490883590573,0.8928571428571175
Cincinnati,WTA,3rd Round,Kostyuk M.,Stephens S.,2,0.007712963491972924,0.015425926983945848,2.702702702702675
Cincinnati,WTA,3rd Round,Bejlek S.,Alexandrova E.,2,0.008145363408521344,0.01629072681704269,3.80434782608694
Cincinnati,WTA,3rd Round,Sabalenka A.,Wang Xin.,2,0.0022573425071247266,0.004514685014249453,0.9345794392523477
Cincinnati,WTA,3rd Round,Bouzkova M.,Jovic I.,2,0.010842469011283745,0.02168493802256749,5.200000000000005
Cincinnati,WTA,4th Round,Swiatek I.,Parry D.,2,0.005273041436054116,0.010546082872108231,0.0
Cincinnati,WTA,4th Round,Pegula J.,Cirstea S.,2,0.003916040100250651,0.007832080200501301,0.78125
Cincinnati,WTA,4th Round,Kostyuk M.,Andreeva M.,2,0.0037641967230108153,0.007528393446021631,3.7735849056603765
Cincinnati,WTA,4th Round,Anisimova A.,Noskova L.,2,0.0050505050505050275,0.010101010101010055,2.0942408376963373
Cincinnati,WTA,4th Round,Rybakina E.,Shnaider D.,2,0.0010135633200648586,0.002027126640129717,2.941176470588225
Cincinnati,WTA,4th Round,Gauff C.,Bouzkova M.,2,0.0056908527910286,0.0113817055820572,1.6129032258064502
Cincinnati,WTA,4th Round,Keys M.,Wang Xiy.,2,0.00366300366300365,0.0073260073260073,0.8064516129032251
Cincinnati,WTA,4th Round,Bejlek S.,Sabalenka A.,2,0.007343892660077012,0.014687785320154023,11.940298507462677
Cincinnati,WTA,Quarterfinals,Pegula J.,Anisimova A.,2,0.0012828071448470757,0.0025656142896941514,0.5813953488372103
Cincinnati,WTA,Quarterfinals,Swiatek I.,Rybakina E.,2,0.002749157915593492,0.005498315831186984,0.6211180124223503
Cincinnati,WTA,Quarterfinals,Bejlek S.,Keys M.,2,0.0032194994074373207,0.006438998814874641,3.383458646616533
Cincinnati,WTA,Quarterfinals,Gauff C.,Kostyuk M.,2,0.002182026988228558,0.004364053976457116,3.592814371257491
Cincinnati,WTA,Semifinals,Pegula J.,Swiatek I.,2,0.003918495297805608,0.007836990595611215,8.47457627118644
Cincinnati,WTA,Semifinals,Gauff C.,Bejlek S.,2,0.006604124785943022,0.013208249571886044,1.6393442622950838
Cincinnati,WTA,The Final,Gauff C.,Pegula J.,2,0.006149561273784909,0.012299122547569818,3.7267080745341463
