player,hard_elo,clay_elo,grass_elo,overall_elo,hard_matches,clay_matches,grass_matches
Sinner J.,2155.556987453614,1928.6074179649713,1814.790533037001,2214.952835897123,225,73,41
Alcaraz C.,1993.0119455540798,1965.9019985204557,1817.7946544479094,2103.039711156187,174,106,37
Zverev A.,1867.9302693382324,1854.9346673065465,1698.1149060024309,1957.2252044974882,188,117,35
Djokovic N.,1930.5790607537926,1750.2642650323708,1750.6573602219219,1934.5506065481536,128,62,32
Fils A.,1757.1707711847246,1758.190405407971,1514.0899641237506,1863.7548237792923,83,52,12
Draper J.,1826.1981971468638,1631.5399618136612,1622.4190837663193,1819.2478215202684,95,32,27
Auger-Aliassime F.,1818.795997885301,1587.982371164347,1584.8179043324294,1797.2510459790883,200,59,30
Fritz T.,1730.0730760073723,1575.9583850369459,1752.0789042584322,1796.148979339412,210,52,58
Ruud C.,1656.5026433110118,1805.3113914352073,1780.1157161078656,1780.1157161078656,157,138,8
Musetti L.,1715.012941787354,1769.2537953793458,1614.2108893196526,1779.0476999683165,143,93,26
Medvedev D.,1841.2470386685216,1656.2786298085493,1636.6207194874419,1776.3183976740288,238,48,44
Paul T.,1713.1135123711313,1701.2926524982136,1645.7388070393188,1771.919874602498,187,55,46
Tiafoe F.,1701.0849748168491,1599.4150336267237,1639.5829406064956,1762.6578864642336,180,64,34
Rune H.,1739.0317243706838,1746.9188530103454,1554.6886201102457,1754.653012036877,147,76,21
Lehecka J.,1723.7232915172137,1601.1859192725417,1611.1294909005728,1750.3637810219893,130,46,28
De Minaur A.,1776.309649102132,1643.467626786694,1661.859677297408,1745.7718761790338,196,65,44
Cobolli F.,1592.8883589613495,1700.2655531839725,1583.1282220080564,1740.2589188626052,75,64,22
Mensik J.,1750.1783451058618,1658.4202408716194,1497.9668194838425,1735.3616783258415,72,29,16
Shelton B.,1763.8351177744871,1577.4240384727682,1605.1023790744794,1735.3423597893386,138,45,31
Cerundolo F.,1678.5851253979254,1681.9730835764237,1534.1870669526909,1734.7887707855682,95,132,23
Nadal R.,1673.6576470942941,1644.7590851790703,1724.6200269126057,1724.6200269126057,37,25,5
Jodar R.,1514.41967824401,1691.63260185442,1722.4877127021318,1722.4877127021318,11,22,3
Tien L.,1714.6220811511782,1571.8700724313514,1503.0686813974337,1719.810787195071,62,20,10
Korda S.,1697.5821516092637,1550.3574227627378,1565.9009095093675,1718.313111605049,154,38,18
Bublik A.,1676.1198548466893,1613.5203046146257,1666.8728796406608,1716.9130467657437,148,58,47
Davidovich Fokina A.,1649.6356280911564,1576.156059563594,1623.3043959255458,1715.8361052286077,154,66,30
Machac T.,1716.169549318628,1602.6561838707617,1709.0801873306375,1709.0801873306375,84,31,9
Vacherot V.,1641.3273189899528,1538.3328620523994,1695.0328961758598,1695.0328961758598,26,14,0
Fonseca J.,1634.2071846989932,1629.4195943504467,1499.9892686041712,1687.1159671223613,25,40,11
Kyrgios N.,1667.827198334156,1681.3006177054233,1569.4935104131134,1681.3006177054233,37,3,16
Rublev A.,1642.9472810913965,1690.8043272841073,1540.994372928591,1679.596037759905,220,90,21
Dimitrov G.,1703.4213200633972,1600.0956477795437,1641.4069997027339,1679.197830688225,149,51,24
Humbert U.,1675.9984555695385,1466.4934651474289,1562.562427402224,1671.0482085445672,136,38,44
Berrettini M.,1636.629197455714,1662.705100162967,1622.4860561530213,1669.6933255668714,87,44,27
Hurkacz H.,1572.3412011246091,1637.674938125928,1649.4902687977615,1667.0162819188097,150,60,29
Kokkinakis T.,1623.6768062709925,1498.984078313282,1647.1282997701753,1647.1282997701753,69,16,4
Majchrzak K.,1570.7768564846026,1446.5812475882294,1584.6886849984944,1629.2958214053845,45,18,15
Darderi L.,1435.149728328254,1706.1789298708898,1459.106457351272,1627.81775865641,41,85,14
Blockx A.,1627.1087534302778,1639.46428665574,1627.1087534302778,1627.1087534302778,9,15,2
Nakashima B.,1597.778158827208,1496.2727460813667,1576.9296610253048,1625.5278476890094,165,44,38
Rinderknech A.,1582.456991558633,1555.779588065389,1514.3108898994367,1623.8647839089401,118,53,31
Mmoh M.,1619.1575450697796,1619.3589738127757,1619.3589738127757,1619.3589738127757,30,7,2
Michelsen A.,1664.5448167548254,1476.2448118943082,1526.9991042674299,1619.0269735399568,97,28,26
Khachanov K.,1596.1516538349763,1611.0784238633173,1559.0110870093013,1614.216043771305,177,70,24
Bergs Z.,1565.6110925616206,1449.9445106272865,1531.142388815213,1610.0042925908815,69,28,20
Tirante T.A.,1498.7671253082626,1599.6913243586325,1606.024188830912,1606.024188830912,10,35,1
Norrie C.,1614.1176028495693,1612.8164824229714,1532.5358440396856,1605.1785638879073,165,77,28
Thompson J.,1597.4687807078803,1429.446807414756,1572.038097471753,1602.6167285820459,113,21,31
Bonzi B.,1553.3893845400974,1489.463439419917,1497.0916867228436,1599.5983265497446,87,16,21
Marozsan F.,1589.3022452710807,1532.214487310375,1492.415369810413,1599.4272601664468,85,41,20
Nishikori K.,1565.9216585609404,1598.8895973907677,1598.8895973907677,1598.8895973907677,37,5,1
Struff J.L.,1462.226381877112,1542.6449828240711,1602.1864906585329,1598.2385910458315,83,51,33
Buse I.,1598.2039089614327,1594.0765684946855,1598.2039089614327,1598.2039089614327,2,26,6
Navone M.,1381.466423296327,1641.9018780973888,1597.8489182751807,1597.8489182751807,33,69,7
Hanfmann Y.,1550.6349446793506,1581.9489863118893,1482.7150609081525,1597.0848893153332,44,85,21
Borges N.,1535.1589361628298,1560.736327693477,1500.024826849263,1596.047323639517,95,50,23
Munar J.,1614.1464758800255,1500.3582422468405,1482.253681128382,1595.7646446299032,88,86,18
Fery A.,1594.282066161809,1594.282066161809,1566.845723090447,1594.282066161809,4,0,15
Cilic M.,1602.3521030565312,1484.0890151596184,1540.3780965303617,1593.7240904542218,90,25,13
Tsitsipas S.,1615.3694599323305,1655.3441692350116,1535.023571210931,1591.3718213724044,166,88,28
Raonic M.,1589.2328539680339,1589.2328539680339,1589.2328539680339,1589.2328539680339,8,0,7
Etcheverry T.,1580.4942191232994,1600.9121342314334,1397.7524377139503,1587.7103958166874,85,105,17
Collignon R.,1572.7365417833712,1586.007928749029,1586.007928749029,1586.007928749029,18,9,6
Medjedovic H.,1530.63958491167,1560.449324982989,1585.7517882084242,1585.7517882084242,36,35,9
Prizmic D.,1581.331541222008,1564.5005926517163,1581.331541222008,1581.331541222008,9,21,2
Shang J.,1556.2818320239842,1581.2070015271988,1581.2070015271988,1581.2070015271988,64,6,5
Tabilo A.,1551.397216896443,1573.7565506907902,1510.2089693239482,1579.1309806944273,66,67,15
Molcan A.,1493.6125115853874,1596.296455169009,1474.4445586110246,1576.088862113454,31,47,10
Van De Zandschulp B.,1558.265692609515,1552.7300302021877,1477.5746096791293,1573.8910927882782,132,56,24
Spizzirri E.,1564.932462957901,1569.6426979681246,1569.6426979681246,1569.6426979681246,18,1,2
Fucsovics M.,1555.547196758077,1510.9207996770701,1551.64683253807,1564.2144126897597,97,42,22
Cazaux A.,1507.4194186978086,1548.4093100567818,1562.8403047372085,1562.8403047372085,41,13,5
Opelka R.,1599.0812762986943,1459.9921482732918,1527.8435539337079,1561.6049765968576,93,19,18
Kopriva V.,1476.1373453079486,1556.078840694213,1560.381440823619,1560.381440823619,16,42,7
Brooksby J.,1561.0437423493192,1488.5795182380934,1553.443964974271,1558.796378423862,85,18,28
Sonego L.,1570.5622959978714,1432.0396524563228,1527.435348007987,1557.1698566884054,140,62,36
Ruusuvuori E.,1566.2421283832539,1458.9397458977653,1504.834531102046,1556.0280066593418,103,32,20
Wu Y.,1604.2757654926456,1468.0059542103957,1552.4935890979277,1552.4935890979277,37,11,7
Carreno Busta P.,1537.8863778092657,1527.5447051530066,1552.0594644775965,1552.0594644775965,80,37,6
Altmaier D.,1464.2096189161252,1484.580664654869,1476.9628564612415,1552.0495593581545,82,76,21
Nishioka Y.,1537.6709711994774,1480.2489498794016,1551.8724655921023,1551.8724655921023,108,18,9
Diallo G.,1527.768044956359,1514.0258260194423,1529.8828967597476,1551.3949640424114,52,14,20
Shapovalov D.,1639.8369584120614,1467.7153964480372,1470.7492897089603,1551.2595404210003,143,39,24
Arnaldi M.,1484.4188031731908,1623.225594273858,1549.0501580378234,1549.0501580378234,77,52,8
Monfils G.,1628.1748136895762,1469.127778039665,1515.483838812516,1548.0225476969513,118,23,11
Gigante M.,1545.176258952185,1545.176258952185,1545.176258952185,1545.176258952185,5,7,0
De Jong J.,1469.6248141433355,1568.2075636717097,1544.9480566270279,1544.9480566270279,17,27,7
Quinn E.,1486.2106001342038,1439.358386298374,1545.2517329652153,1541.9313524368824,33,14,17
Simon G.,1513.9884720700522,1540.828608793123,1540.828608793123,1540.828608793123,14,4,2
Ugo Carabelli C.,1458.3990698217538,1550.6411931340742,1538.9095997192046,1538.9095997192046,21,54,3
Safiullin R.,1533.9566688138623,1418.8492878372454,1515.588496187175,1536.4969001954703,79,19,22
Kym J.,1536.046141780272,1536.046141780272,1536.046141780272,1536.046141780272,4,3,0
Cerundolo J.M.,1500.4375519182731,1507.1442551223026,1532.7942776173277,1532.7942776173277,17,46,5
Pellegrino A.,1531.111464020441,1519.5315235967123,1531.111464020441,1531.111464020441,0,11,0
Giron M.,1518.8190612231112,1419.3343202208764,1540.9717144418262,1530.1942360781304,162,45,38
Halys Q.,1509.2540800157453,1534.0310397703788,1480.8827937285737,1529.9675400772403,80,24,22
Atmane T.,1542.8551861654996,1466.2684697578622,1528.2960650211953,1528.2960650211953,34,17,5
Seyboth Wild T.,1489.8038895459633,1519.7072644662587,1528.20353631276,1528.20353631276,24,42,4
Svajda Z.,1445.3422757965177,1527.9367627808776,1527.9367627808776,1527.9367627808776,32,7,5
Droguet T.,1527.7457369823555,1527.7457369823555,1527.7457369823555,1527.7457369823555,7,8,1
Griekspoor T.,1637.5836580101395,1512.1069395013385,1556.0008856943211,1527.4280131883334,123,56,34
Agamenone F.,1527.1707020079668,1527.1707020079668,1527.1707020079668,1527.1707020079668,0,5,0
Olivieri G.,1527.0625732838196,1527.0625732838196,1527.0625732838196,1527.0625732838196,0,3,0
Hsu Y.,1526.6255898223142,1526.6255898223142,1526.6255898223142,1526.6255898223142,6,0,0
Evans D.,1497.9008743198654,1400.6260329785828,1483.4437548775802,1526.432942824625,95,28,16
Baez S.,1486.2346729359963,1533.429252113602,1428.7857572508804,1524.9740329643,75,138,11
Stricker D.,1540.9633508002826,1460.990315294516,1524.5213491582551,1524.5213491582551,21,10,5
Watanuki Y.,1504.8155934116944,1523.358978450916,1523.358978450916,1523.358978450916,24,5,4
Popyrin A.,1489.3065151683477,1574.5691578772598,1406.7605597061506,1523.1013150788765,112,52,19
Bellucci M.,1474.099984974637,1472.5450620088882,1510.0282889620412,1521.2299154472798,36,14,13
Hijikata R.,1521.725492421285,1390.2425490532657,1465.5722602593885,1521.22912191165,72,13,23
Llamas Ruiz P.,1519.4447660605454,1523.6494998387182,1519.4447660605454,1519.4447660605454,3,13,1
Shevchenko A.,1548.291081503016,1458.7118287111507,1518.7147676833895,1518.7147676833895,72,47,6
Kecmanovic M.,1516.7109082652073,1483.6118060228312,1484.8402971656726,1518.5931108359518,155,65,28
Van Rijthoven T.,1517.8961869203576,1517.8961869203576,1574.0386266804796,1517.8961869203576,8,0,10
Isner J.,1514.119896988416,1504.6709470563956,1544.78178157264,1516.8305968355696,54,13,11
Moutet C.,1574.9476386089375,1484.4860393252595,1500.9395717132763,1516.4394684824993,81,47,23
Kovalik J.,1515.8782708438187,1522.6638640190977,1515.8782708438187,1515.8782708438187,4,16,0
Ficovich J.P.,1515.8123169013995,1515.8123169013995,1515.8123169013995,1515.8123169013995,5,3,0
Bellier A.,1514.44814354671,1514.44814354671,1514.44814354671,1514.44814354671,3,0,4
Zheng M.,1514.0468463645138,1514.0468463645138,1514.0468463645138,1514.0468463645138,3,1,3
Damm M.,1507.5743359119529,1513.8929089283977,1513.8929089283977,1513.8929089283977,11,3,5
Basavareddy N.,1533.5050765146973,1513.0934188450924,1513.0934188450924,1513.0934188450924,18,6,3
Karatsev A.,1498.8566836708037,1475.101748235657,1512.8909944734878,1512.8909944734878,76,30,8
Merida D.,1512.8844348785988,1512.8844348785988,1512.8844348785988,1512.8844348785988,1,9,1
Den Ouden G.,1512.3945233025797,1512.3945233025797,1512.3945233025797,1512.3945233025797,2,0,0
Holmgren A.,1511.8637959836547,1511.8637959836547,1511.8637959836547,1511.8637959836547,2,0,3
Kwon S.,1511.5429340092253,1511.5429340092253,1511.5429340092253,1511.5429340092253,0,0,2
Mannarino A.,1524.9374453382197,1322.9354891482685,1548.1219691994563,1511.1088996346873,155,22,44
Bailly G.A.,1511.0041740015909,1511.0041740015909,1511.0041740015909,1511.0041740015909,2,0,0
Butvilas E.,1510.7972083536445,1510.7972083536445,1510.7972083536445,1510.7972083536445,0,2,0
Muller A.,1496.9178580217194,1532.2247306421766,1510.433795768765,1510.433795768765,66,49,8
Hussey G.,1510.2792740635844,1510.2792740635844,1510.2792740635844,1510.2792740635844,0,0,4
Gaubas V.,1508.6757554526546,1513.1152713139877,1508.6757554526546,1508.6757554526546,0,12,1
Kouame M.,1508.1785924280475,1508.1785924280475,1508.1785924280475,1508.1785924280475,3,4,0
Faria J.,1506.5758596919202,1506.2759297002267,1506.5758596919202,1506.5758596919202,5,18,3
Landaluce M.,1554.5784378104765,1478.3420989141528,1506.3702724640373,1506.3702724640373,10,15,5
Gray A.,1506.2308936657073,1506.2308936657073,1506.2308936657073,1506.2308936657073,0,0,2
Nanda G.,1506.196742015902,1506.196742015902,1506.196742015902,1506.196742015902,2,0,0
Bennani K.,1506.0544737558225,1506.0544737558225,1506.0544737558225,1506.0544737558225,0,2,0
Celikbilek A.,1505.9793023266297,1505.9793023266297,1505.9793023266297,1505.9793023266297,2,0,0
Vilella Martinez M.,1504.1495977226455,1504.1495977226455,1504.1495977226455,1504.1495977226455,0,2,0
Erler A.,1503.331771025305,1503.331771025305,1503.331771025305,1503.331771025305,0,2,0
Purcell M.,1464.9069040011473,1453.3932931580864,1468.4979305595527,1503.2701041102964,45,11,14
Pecotic M.,1502.4432381652732,1502.4432381652732,1502.4432381652732,1502.4432381652732,2,0,0
Varillas J. P.,1501.7364962514587,1518.2779342171993,1501.7364962514587,1501.7364962514587,2,14,0
Tarvet O.,1501.4874981107375,1501.4874981107375,1501.4874981107375,1501.4874981107375,0,0,3
Arseneault N.,1501.3468738562246,1501.3468738562246,1501.3468738562246,1501.3468738562246,2,0,0
Harrison C.,1501.2780044869658,1501.2780044869658,1501.2780044869658,1501.2780044869658,0,1,1
Mpetshi G.,1498.7728079129292,1470.9111015650424,1478.8536807058015,1501.0866222589325,60,18,17
Murray A.,1525.3371678960668,1500.7080493744907,1526.1950673107735,1500.7080493744907,90,7,15
Jorda Sanchis D.,1500.5312215528647,1500.5312215528647,1500.5312215528647,1500.5312215528647,0,2,0
Klein L.,1497.102949243568,1500.5140197412422,1500.5140197412422,1500.5140197412422,14,5,1
Noguchi R.,1500.3844076681223,1500.3844076681223,1500.3844076681223,1500.3844076681223,2,0,0
Stebe C.M.,1500.0129398495235,1500.0129398495235,1500.0129398495235,1500.0129398495235,2,0,0
Kwon S.W.,1521.5721723212548,1456.4914915899164,1499.7287134765793,1499.7287134765793,53,11,3
Boogaard T.,1499.5491545925065,1499.5491545925065,1499.5491545925065,1499.5491545925065,1,0,2
Goffin D.,1481.7428551752591,1518.621022355444,1479.3166933917737,1498.489764849186,83,37,13
Tirante T. A.,1498.2199193270546,1498.2199193270546,1498.2199193270546,1498.2199193270546,0,0,2
Leshem E.,1498.0999817076763,1498.0999817076763,1498.0999817076763,1498.0999817076763,2,0,0
Mochizuki S.,1425.481442807853,1497.9415926798242,1497.9415926798242,1497.9415926798242,22,1,9
Hong S.,1497.4814037945462,1497.4814037945462,1497.4814037945462,1497.4814037945462,5,0,0
Jubb P.,1497.4479624591881,1497.4479624591881,1497.4479624591881,1497.4479624591881,0,0,7
Brouwer G.,1496.6089939000835,1496.6089939000835,1496.6089939000835,1496.6089939000835,9,9,8
Alves M.,1496.5379641616732,1496.5379641616732,1496.5379641616732,1496.5379641616732,0,1,0
Bhambri Y.,1496.4780747903872,1496.4780747903872,1496.4780747903872,1496.4780747903872,2,0,0
Garin C.,1476.266524512837,1496.1544708734148,1508.8995609428862,1496.414119533825,40,69,10
Pucinelli de Almeida M.,1496.4082995357874,1496.4082995357874,1496.4082995357874,1496.4082995357874,0,2,0
Misolic F.,1448.0106522375622,1555.3390554346347,1496.3265760149582,1496.3265760149582,10,24,1
Samrej K.,1496.2439503432931,1496.2439503432931,1496.2439503432931,1496.2439503432931,1,0,0
Lajal M.,1495.7730330826535,1495.7730330826535,1495.7730330826535,1495.7730330826535,3,0,3
Alvarez Valdes L.C.,1495.6647181363483,1495.6647181363483,1495.6647181363483,1495.6647181363483,2,0,0
Blanch Dar.,1495.6589320070896,1495.6589320070896,1495.6589320070896,1495.6589320070896,5,0,0
Coppejans K.,1495.3678399753014,1495.3678399753014,1495.3678399753014,1495.3678399753014,2,0,1
Mpetshi Perricard G.,1495.3575317856582,1495.3575317856582,1495.3575317856582,1495.3575317856582,1,0,0
Monday J.,1495.2884000447411,1495.2884000447411,1495.2884000447411,1495.2884000447411,0,0,1
Denolly C.,1494.8015889200744,1494.8015889200744,1494.8015889200744,1494.8015889200744,0,2,0
Pinnington Jones J.,1494.2659918643847,1494.2659918643847,1494.2659918643847,1494.2659918643847,3,1,7
Samuel T.,1494.0589705752218,1494.0589705752218,1494.0589705752218,1494.0589705752218,0,1,5
Svrcina D.,1508.3353399742668,1493.2714793346165,1493.2714793346165,1493.2714793346165,16,2,1
Kolar Z.,1493.0137652465198,1493.0137652465198,1493.0137652465198,1493.0137652465198,0,2,1
Hernandez A.,1492.6648117120446,1492.6648117120446,1492.6648117120446,1492.6648117120446,5,0,0
Onclin G.,1492.291415477697,1492.291415477697,1492.291415477697,1492.291415477697,1,0,2
Bernet H.,1492.0987927659266,1492.0987927659266,1492.0987927659266,1492.0987927659266,1,0,0
Faurel T.,1491.862696186786,1491.862696186786,1491.862696186786,1491.862696186786,0,1,0
Rodriguez Taverna S.,1491.7168863854756,1491.7168863854756,1491.7168863854756,1491.7168863854756,0,1,0
Berrettini J.,1491.599722065414,1491.599722065414,1491.599722065414,1491.599722065414,1,0,0
Catarina L.,1491.4595337990916,1491.4595337990916,1491.4595337990916,1491.4595337990916,0,1,0
Moriya H.,1491.4144500147604,1491.4144500147604,1491.4144500147604,1491.4144500147604,3,0,0
Ymer M.,1494.0389700345995,1474.2807613306923,1507.3793093621246,1491.293301879095,56,16,10
Watt J.,1491.048960194861,1491.048960194861,1491.048960194861,1491.048960194861,1,0,0
Gimeno Valero C.,1490.6244273783484,1490.6244273783484,1490.6244273783484,1490.6244273783484,0,1,0
Alvarez Varona N.,1490.5308123822183,1490.5308123822183,1490.5308123822183,1490.5308123822183,2,1,0
Wong C.,1508.972771627432,1490.5086282889706,1490.5086282889706,1490.5086282889706,22,3,1
Bertola R.,1490.3069003472572,1490.3069003472572,1490.3069003472572,1490.3069003472572,1,0,0
Tomic B.,1490.3039570812566,1490.3039570812566,1490.3039570812566,1490.3039570812566,1,0,2
Mansouri S.,1490.2902424881904,1490.2902424881904,1490.2902424881904,1490.2902424881904,1,0,0
Baadi T.,1490.0314185485292,1490.0314185485292,1490.0314185485292,1490.0314185485292,0,3,0
Sugita Y.,1489.9995391119944,1489.9995391119944,1489.9995391119944,1489.9995391119944,1,0,2
Ramos A.,1489.9510726045119,1489.9510726045119,1489.9510726045119,1489.9510726045119,0,2,0
Kuznetsov An.,1489.9405984365433,1489.9405984365433,1489.9405984365433,1489.9405984365433,0,1,0
Omarkhanov A.,1489.8750876777049,1489.8750876777049,1489.8750876777049,1489.8750876777049,1,0,0
Gomez F.A.,1489.8061323760853,1489.8061323760853,1489.8061323760853,1489.8061323760853,1,3,0
Sell K.,1489.582179038835,1489.582179038835,1489.582179038835,1489.582179038835,0,1,0
Comesana F.,1479.9250583008372,1499.3851036827834,1489.5311280594133,1489.5311280594133,27,38,5
Sakellaridis S.,1489.35790508758,1489.35790508758,1489.35790508758,1489.35790508758,1,2,0
Peniston R.,1489.0883439178465,1489.0883439178465,1486.4249924230694,1489.0883439178465,1,0,12
Wessels L.,1488.9673225271513,1488.9673225271513,1488.9673225271513,1488.9673225271513,0,0,1
Reis Da Silva J.,1488.8231239599625,1488.8231239599625,1488.8231239599625,1488.8231239599625,0,1,0
Dedura-Palomero D.,1488.7468254740586,1488.7468254740586,1488.7468254740586,1488.7468254740586,0,1,0
Schwaerzler J.J.,1488.6597397605976,1488.6597397605976,1488.6597397605976,1488.6597397605976,0,1,0
Huesler M.,1488.5654827796616,1488.5654827796616,1488.5654827796616,1488.5654827796616,0,1,0
Hardt N.,1488.5384606991013,1488.5384606991013,1488.5384606991013,1488.5384606991013,0,3,0
Sekulic P.,1488.5238092997215,1488.5238092997215,1488.5238092997215,1488.5238092997215,3,0,0
Koepfer D.,1523.3849223443358,1470.4841118229158,1488.4337061825393,1488.4337061825393,50,14,7
Janvier M.,1488.3413002154634,1488.3413002154634,1488.3413002154634,1488.3413002154634,0,0,1
Sanchez Izquierdo N.,1487.8841522083242,1487.8841522083242,1487.8841522083242,1487.8841522083242,0,1,0
Cadenasso G.,1487.7174648842038,1487.7174648842038,1487.7174648842038,1487.7174648842038,0,1,0
Haase R.,1487.7043498796982,1487.7043498796982,1487.7043498796982,1487.7043498796982,2,0,1
Mo Y.,1487.693125876031,1487.693125876031,1487.693125876031,1487.693125876031,1,0,0
Martin D.,1487.6658221416303,1487.6658221416303,1487.6658221416303,1487.6658221416303,1,0,0
Rodesch C.,1487.4582639089874,1487.4582639089874,1487.4582639089874,1487.4582639089874,0,0,1
Diaz Acosta F.,1473.359842409881,1514.8573399918012,1487.4533219505788,1487.4533219505788,15,32,1
Neff A.,1487.4448017818772,1487.4448017818772,1487.4448017818772,1487.4448017818772,1,0,0
Ivanov I.,1487.0342938756028,1487.0342938756028,1487.0342938756028,1487.0342938756028,1,0,0
Turcanu R.D.,1486.7473011673803,1486.7473011673803,1486.7473011673803,1486.7473011673803,0,1,0
Fabbiano T.,1486.472403198208,1486.472403198208,1486.472403198208,1486.472403198208,1,0,0
Roca Batalla O.,1486.4587803621534,1486.4587803621534,1486.4587803621534,1486.4587803621534,0,1,0
Geerts M.,1486.3843928083857,1486.3843928083857,1486.3843928083857,1486.3843928083857,1,0,0
Furness E.,1486.2308342101667,1486.2308342101667,1486.2308342101667,1486.2308342101667,1,0,0
Bryde T.,1486.107912303255,1486.107912303255,1486.107912303255,1486.107912303255,1,0,0
Prado Angelo J.C.,1485.918350985809,1485.918350985809,1485.918350985809,1485.918350985809,0,1,0
Soto M.,1485.6967369107385,1485.6967369107385,1485.6967369107385,1485.6967369107385,0,1,0
Miguel L.,1485.6170246569184,1485.6170246569184,1485.6170246569184,1485.6170246569184,0,1,0
Barranco Cosano J.,1485.5438969049062,1485.5438969049062,1485.5438969049062,1485.5438969049062,0,1,0
King D.,1485.5379711306832,1485.5379711306832,1485.5379711306832,1485.5379711306832,1,0,0
Blumberg W.,1485.3963477910056,1485.3963477910056,1485.3963477910056,1485.3963477910056,0,0,1
Fanselow S.,1485.3940610751654,1485.3940610751654,1485.3940610751654,1485.3940610751654,0,1,0
Suresh D.,1485.3513556632531,1485.3513556632531,1485.3513556632531,1485.3513556632531,1,0,0
Kumar O.,1485.293629562266,1485.293629562266,1485.293629562266,1485.293629562266,5,0,0
Jung J.,1485.2274631983003,1485.2274631983003,1485.2274631983003,1485.2274631983003,4,0,3
Rybakov A.,1485.1005115694763,1485.1005115694763,1485.1005115694763,1485.1005115694763,1,0,0
Papamalamis T.,1485.0395007330064,1485.0395007330064,1485.0395007330064,1485.0395007330064,1,0,0
Friberg K.,1485.0263447420907,1485.0263447420907,1485.0263447420907,1485.0263447420907,1,0,0
Becroft I.,1485.0071530834505,1485.0071530834505,1485.0071530834505,1485.0071530834505,1,0,0
Saville L.,1484.9251129114093,1484.9251129114093,1484.9251129114093,1484.9251129114093,1,0,0
Marcora R.,1484.7858014329395,1484.7858014329395,1484.7858014329395,1484.7858014329395,1,0,0
Rejchtman Vinciguerra W.,1484.774757257181,1484.774757257181,1484.774757257181,1484.774757257181,0,1,0
Milojevic N.,1484.7245885904208,1484.7245885904208,1484.7245885904208,1484.7245885904208,1,2,0
Rocha H.,1484.4036547300432,1484.4036547300432,1484.4036547300432,1484.4036547300432,0,8,0
Bellucci T.,1484.1357459530204,1484.1357459530204,1484.1357459530204,1484.1357459530204,0,1,0
Nam J.S.,1484.1354472187065,1484.1354472187065,1484.1354472187065,1484.1354472187065,1,0,0
Li Zh.,1484.1001101439929,1484.1001101439929,1484.1001101439929,1484.1001101439929,1,0,0
Marcondes I.,1484.0622620083952,1484.0622620083952,1484.0622620083952,1484.0622620083952,0,1,0
Te R.,1484.058516757096,1484.058516757096,1484.058516757096,1484.058516757096,1,0,0
Rubin N.,1484.0430079164241,1484.0430079164241,1484.0430079164241,1484.0430079164241,1,0,0
Bourgue M.,1484.0189972526919,1484.0189972526919,1484.0189972526919,1484.0189972526919,1,0,0
Horansky F.,1484.0,1484.0,1484.0,1484.0,0,1,0
Ehrat S.,1484.0,1484.0,1484.0,1484.0,0,1,0
Dutra Da Silva D.,1484.0,1484.0,1484.0,1484.0,0,1,0
Lorenzi P.,1484.0,1484.0,1484.0,1484.0,0,0,1
Stewart H.,1484.0,1484.0,1484.0,1484.0,0,0,1
Dostanic S.,1483.9962023130215,1483.9962023130215,1483.9962023130215,1483.9962023130215,3,0,0
Ghibaudo A.,1483.9550541446476,1483.9550541446476,1483.9550541446476,1483.9550541446476,0,0,1
Villanueva G.,1483.9438303181037,1483.9438303181037,1483.9438303181037,1483.9438303181037,1,0,0
Istomin D.,1483.9293646176232,1483.9293646176232,1483.9293646176232,1483.9293646176232,3,0,0
Pervolarakis M.,1483.9098008431104,1483.9098008431104,1483.9098008431104,1483.9098008431104,1,0,0
Copil M.,1483.870382565912,1483.870382565912,1483.870382565912,1483.870382565912,1,0,0
Lock B.,1483.8616620166429,1483.8616620166429,1483.8616620166429,1483.8616620166429,1,0,0
Added D.,1483.8612168135262,1483.8612168135262,1483.8612168135262,1483.8612168135262,1,0,0
Kasnikowski M.,1483.8383332590845,1483.8383332590845,1483.8383332590845,1483.8383332590845,1,0,0
Brancaccio R.,1483.8019007462149,1483.8019007462149,1483.8019007462149,1483.8019007462149,0,1,0
Forbes M.,1483.784753423563,1483.784753423563,1483.784753423563,1483.784753423563,1,0,0
Riedi L.,1483.7010666032545,1483.7010666032545,1483.7010666032545,1483.7010666032545,8,4,1
Riffice S.,1483.666602183915,1483.666602183915,1483.666602183915,1483.666602183915,1,0,0
Gentzsch T.,1483.6480378157366,1483.6480378157366,1483.6480378157366,1483.6480378157366,0,0,1
Lopez San Martin A.,1483.6467700836254,1483.6467700836254,1483.6467700836254,1483.6467700836254,0,1,0
Kwiatkowski T.S.,1483.6209376025715,1483.6209376025715,1483.6209376025715,1483.6209376025715,1,0,0
Vavassori A.,1483.5782094623437,1499.7151174997389,1483.5782094623437,1483.5782094623437,8,13,2
Cui J.,1483.52369702627,1483.52369702627,1483.52369702627,1483.52369702627,1,0,0
Klizan M.,1483.473927666539,1483.473927666539,1483.473927666539,1483.473927666539,0,1,0
Squire H.,1483.4239838823294,1483.4239838823294,1483.4239838823294,1483.4239838823294,0,2,2
Bennani R.,1483.3739924923827,1483.3739924923827,1483.3739924923827,1483.3739924923827,0,1,0
Tiurnev E.,1483.3363200218594,1483.3363200218594,1483.3363200218594,1483.3363200218594,1,0,0
Crawford O.,1483.3303329698936,1483.3303329698936,1483.3303329698936,1483.3303329698936,0,0,1
Burruchaga R.A.,1483.316461676983,1490.570999498596,1483.316461676983,1483.316461676983,0,24,2
Barrientos N.,1483.2968487165706,1483.2968487165706,1483.2968487165706,1483.2968487165706,1,0,0
Lopez Villasenor G.,1483.263693206478,1483.263693206478,1483.263693206478,1483.263693206478,1,0,0
Sarkissian A.,1483.263693206478,1483.263693206478,1483.263693206478,1483.263693206478,1,0,0
Gulbis E.,1483.263693206478,1483.263693206478,1483.263693206478,1483.263693206478,0,1,0
Shimizu Y.,1483.1743921924879,1483.1743921924879,1483.1743921924879,1483.1743921924879,1,0,0
Herbert P.H.,1498.1757236187082,1483.1716172656422,1483.1716172656422,1483.1716172656422,14,2,1
Schoenhaus M.,1483.162761294198,1483.162761294198,1483.162761294198,1483.162761294198,0,1,1
Diez S.,1483.143137766154,1483.143137766154,1483.143137766154,1483.143137766154,0,1,0
Zahraj P.,1482.7748766977727,1482.7748766977727,1482.7748766977727,1482.7748766977727,0,1,0
Casanova H.,1482.7365970236476,1482.7365970236476,1482.7365970236476,1482.7365970236476,0,1,0
Meligeni Rodrigues F,1482.6495333609469,1482.6495333609469,1482.6495333609469,1482.6495333609469,0,1,0
Kicker N.,1482.6238560811582,1482.6238560811582,1482.6238560811582,1482.6238560811582,0,1,0
Dodig M.,1482.5924735989324,1482.5924735989324,1482.5924735989324,1482.5924735989324,0,3,0
Moundir A.,1482.5077727615537,1482.5077727615537,1482.5077727615537,1482.5077727615537,0,1,0
Escoffier A.,1482.4279820962556,1482.4279820962556,1482.4279820962556,1482.4279820962556,1,0,0
Etcheverry T. M.,1482.4246049623612,1482.4246049623612,1482.4246049623612,1482.4246049623612,1,0,0
Kadhe A.,1482.3152704739186,1482.3152704739186,1482.3152704739186,1482.3152704739186,1,0,0
Schwaerzler J.,1482.2495491557654,1482.2495491557654,1482.2495491557654,1482.2495491557654,1,1,0
Walton A.,1461.386472789022,1486.1511258190544,1482.1276035742042,1482.1276035742042,46,10,9
Mikrut L.,1482.0639693922176,1482.0639693922176,1482.0639693922176,1482.0639693922176,0,1,0
Vallejo A.D.,1481.910916517833,1481.910916517833,1481.910916517833,1481.910916517833,0,7,2
Boitan G.A.,1481.8374860046963,1481.8374860046963,1481.8374860046963,1481.8374860046963,0,1,0
Basic M.,1481.74535509848,1481.74535509848,1481.74535509848,1481.74535509848,1,2,0
Giustino L.,1481.6469329920812,1481.6469329920812,1481.6469329920812,1481.6469329920812,0,1,0
Mcdonald M.,1515.8949479196542,1388.5693351074265,1508.7866875346815,1481.6245244896422,108,15,24
Andreev A.,1481.6151339313164,1481.6151339313164,1481.6151339313164,1481.6151339313164,1,0,0
Mu T.,1481.5969462439273,1481.5969462439273,1481.5969462439273,1481.5969462439273,1,0,0
Nikles J.,1481.5232508884158,1481.5232508884158,1481.5232508884158,1481.5232508884158,0,3,0
Magadan A.,1481.4570062144605,1481.4570062144605,1481.4570062144605,1481.4570062144605,1,0,0
Yevseyev D.,1481.2471602329765,1481.2471602329765,1481.2471602329765,1481.2471602329765,2,2,0
Uchida K.,1481.1175465498582,1481.1175465498582,1481.1175465498582,1481.1175465498582,4,0,0
Bonadio R.,1480.9741030649295,1480.9741030649295,1480.9741030649295,1480.9741030649295,0,3,0
Kachmazov A.,1474.9508846278768,1480.9542635420519,1480.9542635420519,1480.9542635420519,10,0,0
Basing M.,1480.8989132384654,1480.8989132384654,1480.8989132384654,1480.8989132384654,0,0,1
Fratangelo B.,1480.6056757321676,1480.6056757321676,1480.6056757321676,1480.6056757321676,3,1,0
Guillen Meza A.,1480.5077546402524,1480.5077546402524,1480.5077546402524,1480.5077546402524,0,1,0
McCabe J.,1480.3891054351786,1480.3891054351786,1480.3891054351786,1480.3891054351786,1,0,3
Djuric B.,1480.068792115721,1480.068792115721,1480.068792115721,1480.068792115721,1,0,0
Robredo T.,1479.9940861144385,1479.9940861144385,1479.9940861144385,1479.9940861144385,0,1,0
Jianu F.C.,1479.9062679089666,1479.9062679089666,1479.9062679089666,1479.9062679089666,0,3,0
Blanch D.,1479.888253157886,1479.888253157886,1479.888253157886,1479.888253157886,1,1,0
Midon L.,1479.8742633956003,1479.8742633956003,1479.8742633956003,1479.8742633956003,0,1,0
Tabur C.,1479.8531772315287,1479.8531772315287,1479.8531772315287,1479.8531772315287,3,3,0
Jacquet K.,1479.8036735479538,1479.8036735479538,1479.8036735479538,1479.8036735479538,5,2,2
Uchiyama Y.,1479.4370223720252,1479.4370223720252,1479.4370223720252,1479.4370223720252,8,0,1
Vesely J.,1480.8718734387562,1479.233304560824,1479.233304560824,1479.233304560824,19,8,6
Pavlovic L.,1478.719306084623,1478.719306084623,1478.719306084623,1478.719306084623,1,1,0
Valkusz M.,1478.7066076701892,1478.7066076701892,1478.7066076701892,1478.7066076701892,3,0,0
Sock J.,1482.4225767046805,1478.2914411768395,1478.2914411768395,1478.2914411768395,21,2,8
Jasika O.,1478.1985190990033,1478.1985190990033,1478.1985190990033,1478.1985190990033,2,0,0
Del Potro J.M.,1478.1163954861659,1478.1163954861659,1478.1163954861659,1478.1163954861659,0,1,0
Londero J.I.,1478.115990658204,1481.868360083181,1478.115990658204,1478.115990658204,0,10,0
Andreozzi G.,1477.7916875572091,1477.7916875572091,1477.7916875572091,1477.7916875572091,1,3,0
Mena F.,1477.6220287015863,1477.6220287015863,1477.6220287015863,1477.6220287015863,1,0,0
Virtanen O.,1452.2686372150058,1477.6182687755177,1477.6182687755177,1477.6182687755177,11,8,6
Trotter J.K.,1477.4042731473091,1477.4042731473091,1477.4042731473091,1477.4042731473091,2,0,0
Moro Canas A.,1477.2299216338126,1477.2299216338126,1477.2299216338126,1477.2299216338126,1,2,1
Guinard M.,1476.9242438874703,1476.9242438874703,1476.9242438874703,1476.9242438874703,7,5,0
Wawrinka S.,1539.835206171613,1405.8484884340296,1476.022401246299,1476.022401246299,66,44,9
Ofner S.,1424.6636701983255,1505.2506780608219,1497.2312667304366,1475.2371584138798,35,47,16
Ilkel C.,1475.1610319042024,1475.1610319042024,1475.1610319042024,1475.1610319042024,7,0,0
Gill F.,1475.0253186937175,1475.0253186937175,1475.0253186937175,1475.0253186937175,0,0,2
Molleker R.,1474.6583000990584,1474.6583000990584,1474.6583000990584,1474.6583000990584,0,4,0
Bautista Agut R.,1458.2986363041102,1461.9479089785148,1543.6731634637072,1474.2062715043608,113,50,32
Budkov Kjaer N.,1473.9332666497637,1473.9332666497637,1473.9332666497637,1473.9332666497637,4,4,0
Gakhov I.,1473.8536354407333,1473.8536354407333,1473.8536354407333,1473.8536354407333,0,5,0
Martineau M.,1473.701500137223,1473.701500137223,1473.701500137223,1473.701500137223,1,0,1
Kuzmanov D.,1473.4865569627536,1473.4865569627536,1473.4865569627536,1473.4865569627536,4,1,0
Sweeny D.,1473.0527554106384,1473.0527554106384,1473.0527554106384,1473.0527554106384,7,0,1
Cassone M.,1472.387650194213,1472.387650194213,1472.387650194213,1472.387650194213,1,0,1
Gomez F.,1472.0672634313316,1472.0672634313316,1472.0672634313316,1472.0672634313316,3,1,0
Jarry N.,1495.1726756148516,1455.771621437682,1537.6013136088584,1471.9683977225036,52,63,14
Broady L.,1494.876941610318,1471.7070681651119,1455.4461593245678,1471.7070681651119,14,1,15
Karlovic I.,1471.5019695049386,1471.5019695049386,1471.5019695049386,1471.5019695049386,2,0,2
Sachko V.,1471.3678478809657,1471.3678478809657,1471.3678478809657,1471.3678478809657,6,4,0
O Connell C.,1493.0436213686007,1427.200727400946,1455.8063569589287,1471.216952952654,95,30,12
Hoang A.,1471.1351166576521,1471.1351166576521,1471.1351166576521,1471.1351166576521,2,0,0
Durasovic V.,1470.668049373574,1470.668049373574,1470.668049373574,1470.668049373574,2,0,0
Moller E.,1470.4948167362597,1480.991082565926,1470.4948167362597,1470.4948167362597,1,10,1
Oliel Y.,1470.3665865808875,1470.3665865808875,1470.3665865808875,1470.3665865808875,2,0,0
Broom C.,1470.1227094956191,1470.1227094956191,1470.1227094956191,1470.1227094956191,0,0,2
Millman J.,1495.3171341307839,1469.850484915484,1469.850484915484,1469.850484915484,42,6,3
Wu T.L.,1469.7267818149603,1469.7267818149603,1469.7267818149603,1469.7267818149603,5,0,0
Lazarov A.,1469.6359292323875,1469.6359292323875,1469.6359292323875,1469.6359292323875,4,0,0
Djere L.,1461.2693672711337,1582.8283390482363,1426.3429764954421,1469.5357059480687,70,84,17
Gaio F.,1469.4964980532886,1469.4964980532886,1469.4964980532886,1469.4964980532886,2,0,0
Madaras D.,1469.2229416922553,1469.2229416922553,1469.2229416922553,1469.2229416922553,1,1,0
Piros Z.,1469.1038653091712,1469.1038653091712,1469.1038653091712,1469.1038653091712,2,2,0
Klahn B.,1468.9972279243505,1468.9972279243505,1468.9972279243505,1468.9972279243505,2,0,0
Gunneswaran P.,1468.9772301305982,1468.9772301305982,1468.9772301305982,1468.9772301305982,2,0,0
Kirchheimer S.,1468.7674808815245,1468.7674808815245,1468.7674808815245,1468.7674808815245,2,0,0
Neumayer L.,1468.7538374940116,1468.7538374940116,1468.7538374940116,1468.7538374940116,0,4,0
Ebden M.,1468.736306793522,1468.736306793522,1468.736306793522,1468.736306793522,1,0,1
Wendelken H.,1468.5191239071542,1468.5191239071542,1468.5191239071542,1468.5191239071542,0,0,2
Zuk K.,1468.0338330211207,1468.0338330211207,1468.0338330211207,1468.0338330211207,1,1,0
Popko D.,1467.9422537846167,1467.9422537846167,1467.9422537846167,1467.9422537846167,2,0,0
Chidekh C.,1467.8895282114709,1467.8895282114709,1467.8895282114709,1467.8895282114709,2,0,0
Lalami Laaroussi Y.,1467.7769741582688,1467.7769741582688,1467.7769741582688,1467.7769741582688,0,2,0
Galarneau A.,1467.740111488434,1467.740111488434,1467.740111488434,1467.740111488434,5,0,1
Lama G.,1467.339769292616,1467.339769292616,1467.339769292616,1467.339769292616,1,1,0
Kuhn N.,1467.295562715739,1467.295562715739,1467.295562715739,1467.295562715739,0,2,1
Mukund S.,1467.1748450571013,1467.1748450571013,1467.1748450571013,1467.1748450571013,1,0,1
Echargui M.,1466.7671584570724,1466.7671584570724,1466.7671584570724,1466.7671584570724,3,0,0
Chappell N.,1466.5844449422914,1466.5844449422914,1466.5844449422914,1466.5844449422914,2,0,0
Svajda T.,1466.4561736252651,1466.4561736252651,1466.4561736252651,1466.4561736252651,2,0,0
Barrena A.,1466.4040182293877,1466.4040182293877,1466.4040182293877,1466.4040182293877,0,2,0
Boyer T.,1513.5430159157106,1466.2176492498538,1466.2176492498538,1466.2176492498538,11,3,1
Sun F.,1466.1357522216074,1466.1357522216074,1466.1357522216074,1466.1357522216074,2,0,0
Ajdukovic D.,1465.8033815802648,1480.941366319251,1465.8033815802648,1465.8033815802648,1,11,0
Collarini A.,1465.691992240957,1465.691992240957,1465.691992240957,1465.691992240957,0,2,0
Blanchet U.,1474.2298910707616,1465.5373902462352,1465.5373902462352,1465.5373902462352,10,3,0
Taberner C.,1465.518318065556,1499.3712783644405,1465.518318065556,1465.518318065556,9,27,1
Bailly G.,1465.4192385386718,1465.4192385386718,1465.4192385386718,1465.4192385386718,2,0,0
Kozlov S.,1488.2427475989293,1465.2479451978754,1465.2479451978754,1465.2479451978754,10,0,2
Chung Y.,1465.2449732941925,1465.2449732941925,1465.2449732941925,1465.2449732941925,1,0,1
Moroni G.M.,1464.841687584861,1464.841687584861,1464.841687584861,1464.841687584861,1,1,0
Hemery C.,1464.0130060858405,1464.0130060858405,1464.0130060858405,1464.0130060858405,1,1,0
Harris L.,1466.8627696227768,1429.8548104921995,1497.6394974386187,1463.9389113163809,47,10,10
Lokoli L.,1463.7880438542174,1463.7880438542174,1463.7880438542174,1463.7880438542174,2,0,1
Sakamoto R.,1463.6198621800909,1463.6198621800909,1463.6198621800909,1463.6198621800909,6,0,0
Rosol L.,1463.4206997285771,1463.4206997285771,1463.4206997285771,1463.4206997285771,1,0,1
Van Assche L.,1442.8668897967236,1494.3542590912407,1463.3324763163223,1463.3324763163223,28,25,4
Kotov P.,1426.5596744707614,1532.0737035191314,1463.2966939351297,1463.2966939351297,42,32,4
Nava E.,1440.9002330617232,1484.492920005123,1463.1840641478263,1463.1840641478263,30,15,2
Napolitano S.,1463.1386156745014,1463.1386156745014,1463.1386156745014,1463.1386156745014,1,5,1
Shimabukuro S.,1444.3958073115334,1462.943957471688,1462.943957471688,1462.943957471688,14,0,6
Giannessi A.,1462.7533956860157,1462.7533956860157,1462.7533956860157,1462.7533956860157,0,4,0
Pospisil V.,1463.510346539781,1462.6048334577974,1462.6048334577974,1462.6048334577974,18,0,1
Pella G.,1473.6957324109906,1454.295126375884,1462.406977261442,1462.406977261442,14,11,5
Bu Y.,1487.4325115838665,1462.3493342396237,1462.3493342396237,1462.3493342396237,45,7,2
Engel J.,1462.0423260033126,1462.0423260033126,1462.0423260033126,1462.0423260033126,2,6,4
Balazs A.,1461.961158891217,1461.961158891217,1461.961158891217,1461.961158891217,0,2,1
Martin A.,1461.5230706042028,1461.5230706042028,1461.5230706042028,1461.5230706042028,4,3,0
Choinski J.,1460.2149874102745,1460.2149874102745,1477.924713936844,1460.2149874102745,4,4,10
Marchenko I.,1460.0625347529121,1460.0625347529121,1460.0625347529121,1460.0625347529121,8,0,1
Ivashka I.,1498.7427477320196,1445.6623458365427,1481.627256705333,1459.4964054836526,58,21,11
Bolt A.,1455.4232813746926,1458.2337922336792,1458.2337922336792,1458.2337922336792,10,2,8
Smith C.,1457.8593176472352,1457.8593176472352,1457.8593176472352,1457.8593176472352,6,4,0
Searle H.,1457.707445287876,1457.707445287876,1457.707445287876,1457.707445287876,0,0,3
Tseng C. H.,1457.0656509077905,1457.0656509077905,1457.0656509077905,1457.0656509077905,6,3,0
Mejia N.,1456.7588815001352,1456.7588815001352,1456.7588815001352,1456.7588815001352,3,0,2
Rincon D.,1456.2406338519388,1456.2406338519388,1456.2406338519388,1456.2406338519388,0,3,0
Olivo R.,1456.185153959652,1456.185153959652,1456.185153959652,1456.185153959652,1,2,0
Zhang Zh.,1420.8040765361864,1510.7494389256615,1524.5066408993907,1456.019286231223,62,38,16
Fearnley J.,1434.033273329768,1498.7515634248184,1484.9489061956174,1455.9473589470217,21,13,12
Rottgering M.,1455.8952421265926,1455.8952421265926,1455.8952421265926,1455.8952421265926,2,0,1
McDonald M.,1433.5268497386303,1455.8102102652504,1455.8102102652504,1455.8102102652504,22,5,6
Poljicak M.,1455.7274434414535,1455.7274434414535,1455.7274434414535,1455.7274434414535,0,3,0
Vatutin A.,1454.7621435127724,1454.7621435127724,1454.7621435127724,1454.7621435127724,2,1,0
Habib H.,1454.7280454596444,1454.7280454596444,1454.7280454596444,1454.7280454596444,6,0,0
Heide G.,1454.476769816194,1448.9374799731954,1454.476769816194,1454.476769816194,0,10,0
Krutykh O.,1454.4579630967426,1454.4579630967426,1454.4579630967426,1454.4579630967426,2,1,0
Maestrelli F.,1454.3923346340516,1454.3923346340516,1454.3923346340516,1454.3923346340516,4,2,0
Pannu K.,1453.8649756128211,1453.8649756128211,1453.8649756128211,1453.8649756128211,3,0,0
Barrere G.,1421.2975093955563,1476.0514827428935,1453.7910839062072,1453.7910839062072,35,20,9
Eubanks C.,1443.1888872569255,1434.1738749491706,1537.1026880706788,1452.9049241980615,57,10,24
Dougaz A.,1452.8608687110714,1452.8608687110714,1452.8608687110714,1452.8608687110714,3,1,0
Sousa P.,1452.1732312426448,1452.1732312426448,1452.1732312426448,1452.1732312426448,0,3,0
Dedura D.,1451.908356599948,1451.908356599948,1451.908356599948,1451.908356599948,0,3,1
Varillas J.P.,1484.1027921348355,1467.341294469227,1451.5949288348131,1451.5949288348131,11,25,1
Mccabe J.,1450.8228126727654,1450.8228126727654,1450.8228126727654,1450.8228126727654,5,0,1
Schnur B.,1450.7794295687536,1450.7794295687536,1450.7794295687536,1450.7794295687536,2,0,1
Loffhagen G.,1450.7667310422405,1450.7667310422405,1450.7667310422405,1450.7667310422405,0,0,4
Chardy J.,1450.5778573162934,1450.5778573162934,1450.5778573162934,1450.5778573162934,1,2,1
Moreno De Alboran N.,1450.2381688915948,1477.198771415726,1450.2381688915948,1450.2381688915948,6,12,0
Cina F.,1450.203764092191,1450.203764092191,1450.203764092191,1450.203764092191,3,8,0
Carballes Baena R.,1441.9427664276432,1502.086507211823,1457.0847736405576,1450.1351164002128,66,77,10
Gombos N.,1449.6381361025733,1449.6381361025733,1449.6381361025733,1449.6381361025733,6,9,0
Kovacevic A.,1473.549903419101,1424.905801238102,1406.5764879809924,1449.1717544521834,78,22,11
Vukic A.,1480.533392078556,1403.0803281839053,1473.493129828175,1449.0237216525766,96,21,24
Gea A.,1449.001515132895,1449.001515132895,1449.001515132895,1449.001515132895,4,2,0
Polmans M.,1448.9171095243767,1448.9171095243767,1448.9171095243767,1448.9171095243767,4,2,2
Tsonga J.W.,1448.8962316659224,1448.8962316659224,1448.8962316659224,1448.8962316659224,6,3,0
Lajovic D.,1476.6349296861567,1465.446454887963,1448.7109287208784,1448.7109287208784,54,85,6
Borg L.,1448.6154015698082,1448.6154015698082,1448.6154015698082,1448.6154015698082,6,3,0
Wolf J.J.,1449.2409202412261,1484.4046351424518,1448.4960893560558,1448.4960893560558,70,16,6
Duckworth J.,1420.5017715838153,1448.0073619471998,1479.2511709849393,1448.0073619471998,76,8,22
Rodionov J.,1488.048463612446,1450.2636417643846,1447.9694655045244,1447.9694655045244,10,12,2
Rehberg M.,1447.2916105621005,1447.2916105621005,1447.2916105621005,1447.2916105621005,0,4,0
Berankis R.,1489.9582198512112,1447.109313190125,1447.109313190125,1447.109313190125,24,3,3
Thiem D.,1489.5551181750834,1477.8625898989296,1446.5224337802924,1446.5224337802924,35,44,3
Nardi L.,1474.5763873611315,1409.6149585451049,1446.3284820309214,1446.3284820309214,32,16,5
Ritschard A.,1446.0404040998392,1446.0404040998392,1446.0404040998392,1446.0404040998392,3,7,1
Harris B.,1445.764896961692,1445.764896961692,1496.4055404025253,1445.764896961692,8,1,17
Anderson K.,1391.0527874187237,1445.4694796199433,1445.4694796199433,1445.4694796199433,17,0,8
Bagnis F.,1448.239303321105,1460.5173907527678,1445.2911223892218,1445.2911223892218,20,27,1
Benchetrit E.,1444.4665077508805,1444.4665077508805,1444.4665077508805,1444.4665077508805,0,4,0
Trungelliti M.,1443.510582447151,1486.9761486319424,1443.510582447151,1443.510582447151,5,19,2
Serdarusic N.,1443.4272568555411,1443.4272568555411,1443.4272568555411,1443.4272568555411,2,2,0
Zhou Y.,1442.141885659642,1442.141885659642,1442.141885659642,1442.141885659642,8,0,0
Johnson S.,1433.8047555647006,1441.8649245886606,1441.8649245886606,1441.8649245886606,41,6,7
Caruso S.,1441.7384013367443,1441.7384013367443,1441.7384013367443,1441.7384013367443,5,1,0
Zhukayev B.,1441.5103340653043,1441.5103340653043,1441.5103340653043,1441.5103340653043,9,0,1
Clarke J.,1440.1425494715127,1440.1425494715127,1440.1425494715127,1440.1425494715127,1,0,3
Kohlschreiber P.,1440.0587090920417,1440.0587090920417,1440.0587090920417,1440.0587090920417,7,3,0
Basilashvili N.,1393.1462345734808,1461.7154738107815,1501.935652285539,1439.9615452283429,54,22,10
Sandgren T.,1439.4274338530392,1439.4274338530392,1439.4274338530392,1439.4274338530392,9,0,2
Draxl L.,1437.8588791231987,1437.8588791231987,1437.8588791231987,1437.8588791231987,3,1,0
Dzumhur D.,1390.871324959727,1510.1644009921974,1437.6672788019832,1437.6672788019832,34,43,4
Royer V.,1450.0142875096003,1436.9642512853145,1436.9642512853145,1436.9642512853145,28,6,4
Pacheco Mendez R.,1436.8431742450148,1436.8431742450148,1436.8431742450148,1436.8431742450148,8,0,0
Jaziri M.,1436.8063656402426,1436.8063656402426,1436.8063656402426,1436.8063656402426,3,1,0
Gojo B.,1489.8405660519152,1436.7227219356607,1436.7227219356607,1436.7227219356607,18,7,2
Gomez E.,1444.0016938377232,1436.109417133928,1436.109417133928,1436.109417133928,16,3,0
Meligeni Alves F.,1435.7621011263027,1435.7621011263027,1435.7621011263027,1435.7621011263027,4,6,1
Couacaud E.,1435.004414691872,1435.004414691872,1435.004414691872,1435.004414691872,4,2,2
Skatov T.,1434.8776036230934,1434.8776036230934,1434.8776036230934,1434.8776036230934,7,6,0
Krajinovic F.,1442.8848469757854,1458.3397044285566,1434.7979128642467,1434.7979128642467,37,27,7
Gasquet R.,1433.4813267769107,1449.741075402026,1467.0139276595103,1434.249916867248,64,44,10
Pouille L.,1452.9271400286339,1429.9922815938958,1432.7697737337478,1432.7697737337478,15,10,1
Schoolkate T.,1429.7752866162498,1431.2046355835587,1431.2046355835587,1431.2046355835587,21,1,1
Blancaneaux G.,1428.5015438183498,1428.5015438183498,1428.5015438183498,1428.5015438183498,4,1,0
Kubler J.,1424.2857716516696,1507.2063603563054,1517.6944603450045,1428.3869631798525,19,12,12
Shelbayh A.,1427.7828434023418,1427.7828434023418,1427.7828434023418,1427.7828434023418,5,4,4
Ymer E.,1488.9027229715018,1429.6825891825563,1427.3223189411117,1427.3223189411117,27,17,3
Monteiro T.,1383.8920099704926,1481.0595455733906,1427.3207482444745,1427.3207482444745,29,52,5
Donskoy E.,1427.1915740155125,1427.1915740155125,1427.1915740155125,1427.1915740155125,6,0,1
Cecchinato M.,1427.0949295888063,1481.709525924285,1427.0949295888063,1427.0949295888063,9,35,2
Kukushkin M.,1448.266737504711,1425.6542836261444,1425.6542836261444,1425.6542836261444,15,2,1
Passaro F.,1425.5743410695595,1471.3766372897492,1425.5743410695595,1425.5743410695595,8,22,0
Cuevas P.,1424.6549343262159,1444.0650645230003,1424.6549343262159,1424.6549343262159,2,11,0
Mager G.,1425.9447574665003,1424.5006712044628,1424.5006712044628,1424.5006712044628,18,6,0
Mayot H.,1450.1775902079874,1423.3925739448243,1423.3925739448243,1423.3925739448243,14,4,3
Fognini F.,1405.733254019539,1483.3753416334425,1422.7064540472184,1422.7064540472184,46,51,9
Seppi A.,1436.6161752767905,1422.5617117488582,1422.5617117488582,1422.5617117488582,16,0,1
Kypson P.,1468.2662068732584,1421.7231444444615,1421.7231444444615,1421.7231444444615,12,5,2
Travaglia S.,1447.3921681925005,1420.9558953611327,1420.9558953611327,1420.9558953611327,11,6,0
Otte O.,1423.8289069196758,1490.3865085033294,1489.6974154695154,1420.8334447490458,31,17,14
Hassan B.,1419.4004335743452,1419.4004335743452,1419.4004335743452,1419.4004335743452,4,2,0
Edmund K.,1419.2497681678592,1419.2497681678592,1419.2497681678592,1419.2497681678592,9,3,0
Escobedo E.,1420.961311017435,1418.8002844129558,1418.8002844129558,1418.8002844129558,13,0,0
Schwartzman D.,1470.7649039750265,1451.1967380074682,1418.6080193492526,1418.6080193492526,62,50,8
Gerasimov E.,1392.6341893448314,1418.3780571838522,1418.3780571838522,1418.3780571838522,24,4,0
Topo M.,1417.3862544453518,1417.3862544453518,1417.3862544453518,1417.3862544453518,1,5,0
Tu L.,1414.711115571877,1414.711115571877,1414.711115571877,1414.711115571877,8,0,4
Herbert P.,1414.5674395865083,1414.5674395865083,1414.5674395865083,1414.5674395865083,4,7,2
Krueger M.,1420.4146109892567,1413.5806402659252,1413.5806402659252,1413.5806402659252,17,2,3
Andujar P.,1464.0460387982705,1453.3624482739071,1413.3132379605393,1413.3132379605393,17,13,1
Grenier H.,1416.3296860876942,1410.6222480731763,1410.6222480731763,1410.6222480731763,15,8,2
Albot R.,1465.1769214091785,1445.9072084420004,1409.7145804143865,1409.7145804143865,34,11,8
Ramanathan R.,1409.0833453413036,1409.0833453413036,1409.0833453413036,1409.0833453413036,6,0,0
Gojowczyk P.,1422.2037326394427,1407.3175939816317,1407.3175939816317,1407.3175939816317,24,1,6
Coria F.,1362.7243863264127,1470.4282073069135,1405.4059495755503,1405.4059495755503,21,65,3
Novak D.,1403.845308498065,1403.845308498065,1403.845308498065,1403.845308498065,6,5,3
Zeppieri G.,1402.5979915840787,1447.7257077955785,1402.5979915840787,1402.5979915840787,9,15,1
Bedene A.,1399.69494924002,1399.69494924002,1399.69494924002,1399.69494924002,3,9,2
Cachin P.,1380.601671722955,1444.0965830088435,1395.7801111084984,1395.7801111084984,20,42,2
Querrey S.,1392.7861064597766,1395.7358767429425,1395.7358767429425,1395.7358767429425,11,2,7
Coric B.,1409.6524890119829,1505.489520512079,1395.560668033285,1395.560668033285,63,29,5
Marterer M.,1411.7381525810536,1444.822817642387,1391.6928343528925,1391.6928343528925,21,11,7
Martinez P.,1372.5615676578404,1455.6608948985279,1426.275502136772,1388.8379031368422,68,85,11
Daniel T.,1418.090528619367,1427.6524873656163,1388.3485642595394,1388.3485642595394,75,19,6
Ramos-Vinolas A.,1352.3186846885087,1450.9022813024033,1387.0197877173819,1387.0197877173819,38,72,4
Gaston H.,1421.597348088396,1434.110445040847,1386.896486680123,1386.896486680123,49,48,8
Laaksonen H.,1414.1155748841772,1386.1085759144403,1386.1085759144403,1386.1085759144403,15,7,1
Galan D.E.,1406.472752337589,1394.4966966187023,1383.5791037862627,1383.5791037862627,33,45,8
Barrios M.,1383.1866520614603,1405.1533010273208,1383.1866520614603,1383.1866520614603,5,17,2
Holt B.,1383.7613899230946,1381.7839987227014,1381.7839987227014,1381.7839987227014,14,1,3
Sousa J.,1429.687829982472,1455.6498117587505,1380.2892502405052,1380.2892502405052,18,24,4
Kudla D.,1402.8579355210377,1379.3840532377353,1379.3840532377353,1379.3840532377353,37,5,6
Cressy M.,1444.4691679536302,1379.6474864843067,1500.700372053798,1379.2945501217946,58,11,24
Delbonis F.,1342.8663713881338,1448.7099078677825,1374.5180711250098,1374.5180711250098,13,31,2
Lestienne C.,1416.4789064596969,1372.979444169382,1372.979444169382,1372.979444169382,39,3,7
Nagal S.,1384.5772364350178,1464.3579089832706,1372.3807044615282,1372.3807044615282,12,13,1
Dellien H.,1371.3154687521846,1417.5162763396675,1371.3154687521846,1371.3154687521846,5,39,3
Zapata Miralles B.,1334.1194837181745,1498.1680118809056,1365.9442512991423,1365.9442512991423,26,47,5
Tseng C.H.,1414.0538911813496,1364.7448314189228,1364.7448314189228,1364.7448314189228,13,9,3
Huesler M.A.,1417.8671109086663,1407.440698969886,1357.4477252869128,1357.4477252869128,34,17,8
Verdasco F.,1380.6493112133414,1470.0013649456728,1349.4723111279839,1349.4723111279839,11,10,1
Lopez F.,1378.8787039206582,1336.763533612361,1336.763533612361,1336.763533612361,12,5,8
Paire B.,1411.53642243135,1364.3162515400932,1327.2348604734818,1327.2348604734818,32,18,4
