player,win_count,tournament_win_probability,upcoming_opponent,upcoming_match_win_probability
Alcaraz C.,3746,0.3746,Safiullin R.,0.9290338923638062
Zverev A.,1241,0.1241,Sonego L.,0.8264371035199825
Auger-Aliassime F.,698,0.0698,Hijikata R.,0.806996356585576
Shelton B.,550,0.055,Griekspoor T.,0.7587356154968359
Fritz T.,478,0.0478,Blanch D.,0.8555087776856373
Medvedev D.,440,0.044,Gaston H.,0.8762779824916236
Tiafoe F.,427,0.0427,Damm M.,0.779374965093345
Jodar R.,289,0.0289,Bu Y.,0.8372859615337916
Nakashima B.,278,0.0278,Baez S.,0.7472598470297791
De Minaur A.,263,0.0263,Guerrieri A.,0.7933264760231931
Mensik J.,233,0.0233,Mochizuki S.,0.8366854360541974
Musetti L.,198,0.0198,Fery A.,0.6726045607101723
Cobolli F.,161,0.0161,Comesana F.,0.7482892787575045
Tien L.,150,0.015,Borges N.,0.6191627617540015
Lehecka J.,141,0.0141,Carreno Busta P.,0.7319855675006706
Paul T.,130,0.013,Wong C.,0.7460977131213956
Bublik A.,43,0.0043,Wolf J.J.,0.7805977867692001
Michelsen A.,41,0.0041,Cina F.,0.7808099533952982
Rublev A.,39,0.0039,Virtanen O.,0.7380488182031008
Tsitsipas S.,36,0.0036,Fils A.,0.20084872256098907
Shapovalov D.,36,0.0036,Kecmanovic M.,0.6412119995692227
Merida Aguilar D.,33,0.0033,Fucsovics M.,0.6419188705989529
Berrettini M.,31,0.0031,Wawrinka S.,0.6790891254184181
Van De Zandschulp B.,31,0.0031,Choinski J.,0.732601017421535
Blockx A.,30,0.003,Barrios Vera T.,0.6008880010587648
Cerundolo F.,26,0.0026,Misolic F.,0.7190031902500837
Munar J.,23,0.0023,Atmane T.,0.5017307336444857
Vacherot V.,19,0.0019,Kovacevic A.,0.5892129811476847
Tabilo A.,18,0.0018,Hanfmann Y.,0.5459409869271084
Hurkacz H.,17,0.0017,Dzumhur D.,0.7149865587818987
Navone M.,15,0.0015,Djokovic N.,0.1422969654036531
Darderi L.,15,0.0015,Wendelken H.,0.6659815801629353
Buse I.,14,0.0014,Giron M.,0.6556939060073304
Gea A.,13,0.0013,Cerundolo J.M.,0.4441507241418179
Halys Q.,11,0.0011,Diaz Acosta F.,0.681574138515897
Marozsan F.,10,0.001,Zheng M.,0.5906362176125523
Wu Y.,10,0.001,Walton A.,0.6371029698646282
Faria J.,5,0.0005,Brooksby J.,0.5026258638625553
Zheng M.,5,0.0005,Marozsan F.,0.40936378238744775
Altmaier D.,4,0.0004,Svajda Z.,0.6172011389787738
Bergs Z.,4,0.0004,Taberner C.,0.6419305691549947
Majchrzak K.,4,0.0004,Medjedovic H.,0.5807377604976854
Prizmic D.,4,0.0004,Shevchenko A.,0.4982645684938168
Rinderknech A.,4,0.0004,Shimabukuro S.,0.673994459689282
Struff J.L.,4,0.0004,Ugo Carabelli C.,0.6046541305862492
Khachanov K.,4,0.0004,Burruchaga R.,0.5509613977168932
Duckworth J.,3,0.0003,Arnaldi M.,0.5560635162469894
Fearnley J.,3,0.0003,Landaluce M.,0.39729550959779114
Monfils G.,3,0.0003,Vallejo D.,0.5631258166454242
Guerrieri A.,3,0.0003,De Minaur A.,0.2066735239768069
Molcan A.,3,0.0003,Bonzi B.,0.42330786185789365
Bonzi B.,2,0.0002,Molcan A.,0.5766921381421064
Svrcina D.,2,0.0002,Royer V.,0.5552726355134838
Trungelliti M.,2,0.0002,Shang J.,0.4287378214164943
Mannarino A.,2,0.0002,Tirante T.A.,0.279923155550619
Van Assche L.,1,0.0001,Norrie C.,0.28627567949830324
Etcheverry T.,1,0.0001,Kopriva V.,0.5616410671787443
Bellucci M.,1,0.0001,Piros Z.,0.6185994709854117
Popyrin A.,1,0.0001,Dimitrov G.,0.2952542246923038
Gorzny S.,1,0.0001,Collignon R.,0.17990717603927328
Choinski J.,0,0.0,Van De Zandschulp B.,0.26739898257846495
Taberner C.,0,0.0,Bergs Z.,0.3580694308450053
De Jong J.,0,0.0,Passaro F.,0.6621517017125519
Fery A.,0,0.0,Musetti L.,0.3273954392898277
Comesana F.,0,0.0,Cobolli F.,0.2517107212424955
Schoolkate T.,0,0.0,Basavareddy N.,0.3607848538935492
Basavareddy N.,0,0.0,Schoolkate T.,0.6392151461064508
Shang J.,0,0.0,Trungelliti M.,0.5712621785835057
Barrios Vera T.,0,0.0,Blockx A.,0.39911199894123517
Blanch D.,0,0.0,Fritz T.,0.14449122231436273
Ugo Carabelli C.,0,0.0,Struff J.L.,0.39534586941375083
Misolic F.,0,0.0,Cerundolo F.,0.2809968097499163
Piros Z.,0,0.0,Bellucci M.,0.3814005290145883
Burruchaga R.,0,0.0,Khachanov K.,0.4490386022831068
Hijikata R.,0,0.0,Auger-Aliassime F.,0.193003643414424
Mochizuki S.,0,0.0,Mensik J.,0.16331456394580257
Mpetshi Perricard G.,0,0.0,Rodionov J.,0.5906639431605952
Rodionov J.,0,0.0,Mpetshi Perricard G.,0.40933605683940477
Vallejo D.,0,0.0,Monfils G.,0.43687418335457584
Borges N.,0,0.0,Tien L.,0.38083723824599847
Giron M.,0,0.0,Buse I.,0.3443060939926697
Moutet C.,0,0.0,Sweeny D.,0.5925776654605219
Sweeny D.,0,0.0,Moutet C.,0.407422334539478
Royer V.,0,0.0,Svrcina D.,0.4447273644865162
Wendelken H.,0,0.0,Darderi L.,0.3340184198370647
Sonego L.,0,0.0,Zverev A.,0.17356289648001755
Dimitrov G.,0,0.0,Popyrin A.,0.7047457753076962
Hanfmann Y.,0,0.0,Tabilo A.,0.4540590130728917
Diaz Acosta F.,0,0.0,Halys Q.,0.318425861484103
Cerundolo J.M.,0,0.0,Gea A.,0.5558492758581821
Bu Y.,0,0.0,Jodar R.,0.16271403846620835
Svajda Z.,0,0.0,Altmaier D.,0.3827988610212262
Passaro F.,0,0.0,De Jong J.,0.3378482982874481
Sakamoto R.,0,0.0,Vukic A.,0.40973647073261754
Damm M.,0,0.0,Tiafoe F.,0.22062503490665497
Collignon R.,0,0.0,Gorzny S.,0.8200928239607267
Djokovic N.,0,0.0,Navone M.,0.8577030345963469
Wawrinka S.,0,0.0,Berrettini M.,0.32091087458158185
Kopriva V.,0,0.0,Etcheverry T.,0.4383589328212557
Landaluce M.,0,0.0,Fearnley J.,0.6027044904022089
Cina F.,0,0.0,Michelsen A.,0.21919004660470176
Baez S.,0,0.0,Nakashima B.,0.2527401529702209
Fucsovics M.,0,0.0,Merida Aguilar D.,0.3580811294010471
Virtanen O.,0,0.0,Rublev A.,0.26195118179689925
Shimabukuro S.,0,0.0,Rinderknech A.,0.32600554031071804
Atmane T.,0,0.0,Munar J.,0.4982692663555143
Gaston H.,0,0.0,Medvedev D.,0.12372201750837641
Kovacevic A.,0,0.0,Vacherot V.,0.4107870188523153
Medjedovic H.,0,0.0,Majchrzak K.,0.41926223950231456
Vukic A.,0,0.0,Sakamoto R.,0.5902635292673825
Dzumhur D.,0,0.0,Hurkacz H.,0.28501344121810135
Griekspoor T.,0,0.0,Shelton B.,0.24126438450316412
Fils A.,0,0.0,Tsitsipas S.,0.7991512774390109
Kennedy J.,0,0.0,Harris L.,0.5965277916191604
Harris L.,0,0.0,Kennedy J.,0.40347220838083964
Machac T.,0,0.0,Samuel T.,0.7360423332678043
Carreno Busta P.,0,0.0,Lehecka J.,0.26801443249932944
Samuel T.,0,0.0,Machac T.,0.26395766673219573
Kecmanovic M.,0,0.0,Shapovalov D.,0.35878800043077724
Norrie C.,0,0.0,Van Assche L.,0.7137243205016968
Wong C.,0,0.0,Paul T.,0.2539022868786044
Shevchenko A.,0,0.0,Prizmic D.,0.5017354315061833
Wolf J.J.,0,0.0,Bublik A.,0.2194022132307999
Tirante T.A.,0,0.0,Mannarino A.,0.720076844449381
Walton A.,0,0.0,Wu Y.,0.3628970301353718
Arnaldi M.,0,0.0,Duckworth J.,0.44393648375301065
Brooksby J.,0,0.0,Faria J.,0.49737413613744474
Safiullin R.,0,0.0,Alcaraz C.,0.07096610763619379
